Scan,Sequence,Charge,Modification
13795,LEEVLTNKK,2+,
18238,SVSDQFYR,2+,
9790,FNDGSDEK,2+,
1977,NMDDDR,2+,
20755,ATAVMPDGQFK,2+,
26663,FVNWQVDGEYR,2+,
10267,QIVSGSR,2+,
36814,VNTAQCPLPLFTCLH,2+,Carbamidomethyl C:5;Carbamidomethyl C:12
5135,ESNGPVK,2+,
19959,LGETNPADSKPGTIR,2+,
29895,FDTGNLCMVTGGANLGR,3+,Carbamidomethyl C:6
21854,IGEFCMVYSEVPNFSEPNPEYSTQQAPNK,4+,Carbamidomethyl C:4;Oxidation M:5
37841,GSILSFLR,2+,
4008,NPPENSDSGTGKK,3+,
14742,PGPTVIK,2+,
21203,EVVDSLK,2+,
27606,MLQPSSSPLWGK,2+,
13433,DVESVQTPSK,2+,
18590,LLQVQHASK,2+,
32071,VIELFSVCTNEDPK,2+,Carbamidomethyl C:7
16869,DWPDAR,2+,
15755,VHAIPLR,2+,
23377,SCILRPGGSEDASAMLR,3+,Carbamidomethyl C:1
1227,DYQDNK,2+,
3746,AEVAESK,2+,
38704,LLDFGSLSNLQVTQPTVGMNFK,3+,Oxidation M:18
23461,SYFMDVK,2+,
38568,VLPWLGAIDDSVK,2+,
17907,LQLEACETR,2+,Carbamidomethyl C:5
4680,HNAHGAGNGLR,3+,
14664,GTFPDAR,2+,
24626,ITQYLIR,2+,
23753,FIWNSEK,2+,
16445,NIMTQNVER,2+,
17284,LISETTSVCKPEQVAK,3+,Carbamidomethyl C:8
6404,SGATAGAAGGR,2+,
14396,LEGDAALNR,2+,
28883,EMVELPLR,2+,
4894,GVNASAQK,2+,
24535,QVDQLTNDKAR,3+,
15016,KIPVPPR,2+,
5447,AVECCDK,2+,Carbamidomethyl C:3;Carbamidomethyl C:4
18663,QVYQIVK,2+,
11627,MAQFDAK,2+,Oxidation M:0
12393,LDLDAAK,2+,
7642,ESEEGCPK,2+,Carbamidomethyl C:5
32346,YAACNAVGQMATDFAPGFQK,3+,Carbamidomethyl C:3
29785,LISLPLSR,2+,
15238,VTVLGHVQR,2+,
26340,SAPLLLPGR,2+,
6856,KYPCDK,2+,Carbamidomethyl C:3
23354,TPELTWER,2+,
24515,MNVLADALK,2+,Oxidation M:0
19469,IWGDCTVR,2+,Carbamidomethyl C:4
38759,LSGMPDLSLSFMNPR,2+,
11926,VSVGIHK,2+,
17220,HVEDLLTK,2+,
1196,YSGHQGR,2+,
13277,HFEQAIER,2+,
8537,DQTEATQEK,2+,
19936,GYFSEEMNR,2+,
2922,SATSPEGK,2+,
21463,VLSAMIR,2+,
6853,DAASVDK,2+,
30927,FNPDIFSPGVR,2+,
5835,GDTSGDYK,2+,
22587,FIDVGGYK,2+,
14612,HWMLDK,2+,Oxidation M:2
15788,YAYYDTER,2+,
29754,EIVPVLVSTR,2+,
14310,AEDGENYDIK,2+,
8768,ELAGAHR,2+,
20369,VEAFQTTISK,2+,
11910,LPSEGPR,2+,
17883,AGGPATPLSPTR,2+,
29780,DDGSWEVIEGYR,2+,
24947,ISEQFTAMFR,2+,Oxidation M:7
592,KNFEFNK,2+,
23364,VLAVTAIR,2+,
20353,KLESFYIQK,2+,
24393,VTGEVHIGGVMLK,3+,
4945,TMADGNEK,2+,
37745,YFLPFELACQSK,2+,Carbamidomethyl C:8
20108,LKPGDLVGVNK,2+,
14290,SEVTDLR,2+,
6432,HAEVMK,2+,
6619,SLETEHK,2+,
16690,LLNVGVR,2+,
23152,GPSGLLTYTGK,2+,
38139,STLAEIEDWLDK,2+,
14464,FQYDSTHGK,2+,
7877,HVSDDMK,2+,
2972,QMDTNNDGK,2+,
18235,VAQLLER,2+,
17008,CQSWSSMTPHR,3+,Carbamidomethyl C:0
20414,IMGNLGAADIDHK,3+,
19353,VSELFDK,2+,
5580,NMSDEEK,2+,
20161,IVLVDDR,2+,
25667,ISLADIAQK,2+,
16228,EEPAMSMDANGK,2+,
23525,MDRVDEMSQDIVK,2+,
6296,AEEDPAK,2+,
22921,IWGEDLR,2+,
2979,VMTDESGK,2+,Oxidation M:1
30234,EAMGIYISTLK,2+,
17150,LLNVGVR,2+,
9357,ILSHTEEHK,2+,
24664,PMFVSPCVDK,2+,Carbamidomethyl C:6
33486,SALLDFYMK,2+,
27216,MIQQEEIR,2+,Oxidation M:0
25936,FSSETWQNLGTLHR,3+,
21000,EAFREANLAASFGK,2+,
19680,PLYENLR,2+,
397,AVTHQVK,2+,
17397,ASAVSELSPR,2+,
25289,IVWLQEK,2+,
35379,NPGVGNGDDEAAELMQQVNVLK,2+,
22543,YYGYTGAFR,2+,
19738,YKPAVNQIECHPYLTQEK,4+,Carbamidomethyl C:9
16668,IVEAANK,2+,
17793,LSGQLSDAR,2+,
13353,EGIESGDPGTDDGR,2+,
10848,PSLDQQR,2+,
26642,PNVFTVVTR,2+,
8007,LASGSTDR,2+,
17124,MGYMDPR,2+,
26709,DQLQEQLQALK,2+,
2725,TSNEHLQK,2+,
3974,AIVHDNK,2+,
14428,EGEMTLK,2+,
38741,LFQENSVLSSLPLNSLSR,2+,
28133,LMETQEEDVVLLTAGEHNK,3+,
25431,ELLDGGANPLQR,2+,
5328,ASEEHLK,2+,
37681,VVLPTFILEK,2+,
6189,KTEITDK,2+,
6125,DHLGDNR,2+,
12326,YDDPEVQK,2+,
10666,ELADELQER,2+,
24512,LSSLFVK,2+,
30096,QIFSVILRPSDDNPVR,2+,
2681,EPSHDASK,2+,
13120,QLPSAGPDK,2+,
27133,QMLPLNTNIR,2+,
24455,LLTPTHSFLAR,3+,
14071,DREEALHQFR,2+,
28952,SMPWNVDTLSK,2+,
33241,LLSVVPVPEGYSVK,2+,
17359,IAEENIMK,2+,
14326,YTCGEAPDYDR,2+,Carbamidomethyl C:2
32000,CLEEFELLGK,2+,Carbamidomethyl C:0
30067,VTDAIVLLDR,2+,
31589,LHDLMHFNTLNNIDVIK,4+,
19777,EMSFYR,2+,
33548,VLFLIPK,2+,
4612,HFEANNGK,2+,
30488,GGAEVQIFAPDVPQMHVIDHTK,4+,
12755,ESTAEKDEL,2+,
39277,SNFSLAILNVGAPAAGMNAAVR,2+,
21363,ALEALVAK,2+,
9929,NNTVTPGGK,2+,
10759,IVTCGTDR,2+,Carbamidomethyl C:3
32395,VVYIFGPPVK,2+,
21841,HEIVQTLSLK,2+,
3169,AEGTPNQGK,2+,
11573,AATGPSIK,2+,
22942,LFLQGPK,2+,
38508,IPELLSLR,2+,
15327,VQAINVSSR,2+,
31454,FQMIPLDPK,2+,
22406,GAVWGATLNK,2+,
39217,VLILGSGGLSIGQAGEFDYSGSQAVK,3+,
11464,LSSVVTQHDSK,3+,
28659,NILDDFR,2+,
8799,HGIPNNQK,2+,
36823,TPLSDTLHLPVWVDNDGNCAALAER,3+,Carbamidomethyl C:18
15900,ACHSASLTVR,2+,Carbamidomethyl C:1
20754,GGWGISPR,2+,
19351,INELTGIK,2+,
36588,DTGNFVIGQILSDQSR,2+,
20092,IPGIYGR,2+,
35659,EGEIAQFLCDIK,2+,Carbamidomethyl C:8
6372,IAQQAAK,2+,
8145,KVEDMMK,2+,Oxidation M:4;Oxidation M:5
4966,VDPNGSR,2+,
14517,TEQFYR,2+,
11082,GLNNLAK,2+,
26558,IYVGNLPTDVR,2+,
26072,EWIQNTLGVNVEHK,3+,
17574,APVNVTTEVK,2+,
18171,MQSLSLNK,2+,
21157,VNLGVGAYR,2+,
27565,DYIALNEDLR,2+,
639,VQGNPGGK,2+,
26155,DSFDIIK,2+,
16329,YNYIEGTK,2+,
8367,PTTNPNASK,2+,
14041,EREGLENDLK,2+,
20485,PVFTVER,2+,
19836,NVDFNYATK,2+,
40376,ADAASQVLLGSGLTILSQPLMY,3+,Acetyl A:0
16859,TVDLSSHLAK,3+,
11688,ISGATSVDQR,2+,
1408,MDPNTGR,2+,Oxidation M:0
33944,LLTWVIGTGSPR,2+,
6602,NKPYPK,2+,
39131,MALVLEALPQIAAK,2+,
8835,SQNPHGLK,2+,
21443,FVEWTR,2+,
34553,DEVASLLFDPK,2+,
17795,RPALFSSSAK,2+,
2934,NLSDAATK,2+,
27468,QIDLSTVDLK,2+,
4526,RSTITSR,2+,
19126,MMRPVSDQVQIK,3+,
24368,LGVTNTIISHYDGR,3+,
26877,TMAVLQIEAEK,2+,
23626,DAQPSFSAEDIAK,2+,
12556,MLQADPNK,2+,
26612,TFSWASVTSK,2+,
30624,FVHSENQHLVSPEALDFLDK,4+,
15303,LDQETLR,2+,
16226,TIVEEVQDGK,2+,
13686,VQEGSQEEELR,2+,
11028,MPINNK,2+,
965,HQDVATR,2+,
25019,DAEAWFNEK,2+,
4618,LEQQCQK,2+,Carbamidomethyl C:4
14909,KPEDRPNTSEILR,3+,
20434,LIPDSIGK,2+,
26749,LMPPLIQK,2+,
28748,TFEVCDLPVR,2+,Carbamidomethyl C:4
39374,NTPFLYDLVMTH,2+,
25198,ISYEAGILENPK,2+,
24773,LEMEGITVK,2+,
13665,HVMLPK,2+,
23611,AHLMEIQVNGGTVAEK,3+,
36,AAGGGSYK,2+,
13289,NLSDVATK,2+,
8926,DTEEHHLR,2+,
18655,WTETYVR,2+,
25455,VLHVSENPVPLTVR,3+,
15079,GPTPEEAIQK,2+,
3411,KGESQLR,2+,
9892,RVPQCPSGR,2+,Carbamidomethyl C:4
7309,AHEEQLK,2+,
31439,GDLPFVVPR,2+,
4849,DQSAQCTASK,2+,Carbamidomethyl C:5
15054,WQQALK,2+,
14017,MATADGLR,2+,
24366,LVPLDYGEDDK,2+,
5560,QEFGESK,2+,
14298,NVLTESAR,2+,
17759,HLEALCLFK,2+,Carbamidomethyl C:5
28817,VVNVSSIMSVR,2+,
33378,SAFAVDLFK,2+,
7445,TDSSPNQAR,2+,
18177,VVGSEFVQK,2+,
9297,KLNVNAK,2+,
35292,WYEWLDPSIK,2+,
3088,ASGYQSSQK,2+,
4928,SSQQQTQPQK,2+,
21650,IVFVTGNAK,2+,
6342,EAEQEAAR,2+,
8394,AVTEMNGR,2+,Oxidation M:4
38259,SNDGTTLAIASSYMYEMDDTEHPEDGIFIR,3+,
19745,EVFGSGTACQVCPVHR,3+,Carbamidomethyl C:8;Carbamidomethyl C:11
27631,AGVIFPVGR,2+,
23421,ILPVNLK,2+,
23438,IPNFDVR,2+,
19910,IFSQETLTK,2+,
18944,LQQWYR,2+,
11510,AGGSAALSPSK,2+,
20894,FAYDGLK,2+,
4494,LEQEHTNR,2+,
5930,EAAEMGK,2+,Oxidation M:4
21647,DLMPHDLAR,3+,
4831,RPSAPFR,2+,
21895,EAFSDGITSVK,2+,
38461,TEAYEYAQSLGAETCPLPSFQVFK,3+,Carbamidomethyl C:14
24388,VFVSPLAK,2+,
19549,ETHADLWPAK,2+,
18716,DQEFTVDTR,2+,
32103,TVGIDDLTGEPLIQR,2+,
6783,AGAVASQTK,2+,
20016,VQEVLLK,2+,
35417,GMGLSMGTMICGWDK,2+,Carbamidomethyl C:10
16784,NLDGISHAPNAVK,3+,
22572,IGLETSLR,2+,
9822,ELELEDR,2+,
23350,GSGVTTYSVHPGTVQSELVR,3+,
23680,WAVIQGQAVR,2+,
24396,ITFDVAPSR,2+,
20256,PLADAHLTK,2+,
20989,QELGEARATVGK,2+,
16022,VLSGTIHAGQPVK,2+,
24802,DIDSFVPSK,2+,
27964,DLIDYVR,2+,
12486,FQGPDNGQGPK,2+,
15248,AQDIQCGLQSR,2+,Carbamidomethyl C:5
29303,SDPIMLLK,2+,
15750,GFEDEVK,2+,
1802,MVNDAEK,2+,Oxidation M:0
25557,QVEVELLSR,2+,
24326,VGLPPLEK,2+,
6166,VKDEPQR,2+,
22842,IGVTVLSR,2+,
27986,NTVANSPQTLLAGMNK,2+,
23695,TQMAEVLPSPR,2+,
7942,TAEMNEK,2+,
18725,EGHLSPDIVAEQK,3+,
33516,MDVLVSECSAR,2+,Acetyl M:0;Carbamidomethyl C:7
12327,VAASALNR,2+,
10368,HAVVVGR,2+,
31755,TIFVCDEDATLELR,3+,Carbamidomethyl C:4
24130,VEEVELPVEK,2+,
24168,FLFEGQR,2+,
20941,ANFSLPEK,2+,
25551,DILPYDYNR,2+,
22555,KMPEILK,2+,
36037,PQPNFPSPEYMIFDHEFTK,3+,
8287,TSHHQYPSR,3+,
8882,KTEVCQTCSK,2+,Carbamidomethyl C:4;Carbamidomethyl C:7
32917,DAFVAIVQSVK,2+,
18021,TIAEQLAEK,2+,
1648,SGGGGYSSR,2+,
716,AESSQTCHSEQGDK,3+,Carbamidomethyl C:6
9728,AYGGSMCAK,2+,Oxidation M:5;Carbamidomethyl C:6
10691,EREEWAK,2+,
31059,GTFVHSTWTCPMEVLR,3+,Carbamidomethyl C:9
11350,SVSDNDIR,2+,
13636,LSSQISAGEEK,2+,
18706,NPEDLSAETMAK,2+,
23119,ERLDQPMTEIVSR,2+,
18386,DLEEDHACIPIKK,4+,Carbamidomethyl C:7
30543,ATAAYEQLK,2+,Acetyl A:0
22947,GYSTWLK,2+,
17399,ILEVHVDK,2+,
34863,YDNLITPVVDSLK,2+,
18823,GMLPDPK,2+,
998,SQHDEQVR,2+,
7823,FNENNRR,2+,
20263,IITPLNK,2+,
7918,NSMDRPK,2+,
12974,TVTEIDEK,2+,
12303,VSEAEMAGR,2+,
12517,PQATAVYK,2+,
14707,RLEIEHSVPK,3+,
11047,HPDTGISSK,2+,
16333,DENNEEDAYPDNVHAAAEEK,3+,
22715,TVSWAVTPK,2+,
4723,EAAEMGK,2+,Oxidation M:4
13161,EEGNELVK,2+,
38310,LSDQCTGLQGFLVFH,2+,Carbamidomethyl C:4
14978,AESTPEIAEQR,2+,
16858,SWINEK,2+,
35267,AQPVQVAEGSEPDGFWEALGGK,3+,
17512,LPANHPLLTGQR,3+,
16396,DDYFAK,2+,
11936,PLATTQPAK,2+,
17850,LDDTYIK,2+,
626,MLQHAASNK,2+,Oxidation M:0
379,KGNYAER,2+,
4391,QAVSASGK,2+,
18702,LELQGVK,2+,
14636,VAVLSQNR,2+,
23953,KITAASK,2+,
19772,VELDNMPLR,2+,Oxidation M:5
12206,SHNDDALLK,2+,
19608,LLAQTTLR,2+,
35257,VDDLLESYMGIR,2+,
6656,TQVADAK,2+,
24290,TIVMGASFR,2+,
10892,DQGELER,2+,
13605,AGQSPVLR,2+,
8078,SGMNVAR,2+,Oxidation M:2
5706,CVAQASK,2+,Carbamidomethyl C:0
22419,QFAALVASK,2+,
95,KTEAAATTR,2+,
21093,ETGYPLAVK,2+,
1711,ECGADCAK,2+,Carbamidomethyl C:1;Carbamidomethyl C:5
5737,AVECCDK,2+,Carbamidomethyl C:3;Carbamidomethyl C:4
8188,EQHTEDTVK,3+,
21921,VLIIGSGGR,2+,
8125,ATLSEDKK,2+,
25469,GVEVDPSLIK,2+,
6903,MSGSASSENR,2+,
15042,AGFAGDDAPR,2+,
9307,GEMATGNGR,2+,
11785,AFVESSK,2+,
29973,FINFQLR,2+,
19398,VIGSELVQK,2+,
23019,GPEEINEELMK,2+,
20311,SYVAWDR,2+,
15524,ASIHEAWTDGK,3+,
12824,IQQELQTAK,2+,
14843,ANGMELDGR,2+,
17707,DIGAIAR,2+,
4178,ALEGHER,2+,
21024,ADFFEDENGQR,2+,
13670,VLSEPNPR,2+,
8998,DIHTTTGK,2+,
21018,AEGFVDALHR,3+,
31378,AIVQQWLEYR,2+,
17410,EEELNAIR,2+,
20703,SLHDALCVVK,3+,Carbamidomethyl C:6
364,HAVSEGTK,2+,
17070,VYLQNEYK,2+,
12166,TTASEPVEQSEATSK,2+,
15244,PITQYPHAVGK,3+,
28842,YMFSRPF,2+,
14389,AIYNNMK,2+,
24227,ILSGPFVQK,2+,
25321,YYDAIACLK,2+,Carbamidomethyl C:6
20761,YAGLLEK,2+,
23866,PLLQEELGR,2+,
12928,EVADEVTRPR,2+,
18008,TEISFRPNDPK,3+,
21120,LENGEIETIAR,2+,
6073,KEEPSNNVK,2+,
28641,MMLDDIVSR,2+,
16299,SYCSNLVR,2+,Carbamidomethyl C:2
1517,YQSNPK,2+,
5084,SGGYGGDR,2+,
17234,AVVVDDYR,2+,
37575,VLSDVDAFIAYVGTDQK,2+,
26593,HFELGGDKKR,2+,
15078,WDSHFR,2+,
1708,RDDDYR,2+,
16673,LGSLVENNER,2+,
28207,CSNLCTEIVEYTSK,2+,Carbamidomethyl C:0;Carbamidomethyl C:4
8483,MNTNPSR,2+,Oxidation M:0
32723,FLIWDTAGQER,2+,
16608,GLDNTEFQGK,2+,
13473,LQAEEVAQQK,2+,
26538,ALYGSVPVLLAHNPHR,3+,
9959,TLCGCR,2+,Carbamidomethyl C:2;Carbamidomethyl C:4
10068,DLRPAGSK,2+,
28325,MLLSLPEK,2+,
11733,KEVTEEEK,3+,
6147,HESGASIK,2+,
25534,LWAHVYAGAPVSSPEYTK,3+,
6324,LEAFHER,2+,
20526,ILYEGTHLDPER,3+,
18493,TGLSPLK,2+,
6848,EEQTPQNK,2+,
24628,VVVVVPNEEDWKK,3+,
13350,HLTGEFEK,2+,
14361,TVAPMPPAQDHK,3+,
11553,LSDGTMAR,2+,
24062,VEPLDFGGTQK,2+,
19037,ATTVPDFQETRPR,3+,
21197,GYFDEEMNR,2+,
1737,ASQQVQR,2+,
3910,IGGAQNR,2+,
6878,HGPICQK,2+,Carbamidomethyl C:4
25492,HVSIQEAESYAESVGAK,3+,
19982,LIITEETAK,2+,
29583,DIVSLVPR,2+,
30762,NDIVSARPDEWLGR,2+,
11145,QDEHGYISR,3+,
30009,FILSLASCK,2+,Carbamidomethyl C:7
1482,HAVSEGTK,2+,
29114,KLDEEALLK,2+,
39073,AFGAPVPSVQWLDEDGTTVLQDER,2+,
27188,VLSTDVDVILR,2+,
10829,TCSTTALK,2+,Carbamidomethyl C:1
25663,VVLLTEVDK,2+,
10486,LHYQTYR,2+,
9480,SVQATTENK,2+,
8849,HILETSK,2+,
3433,HVYTGGK,2+,
14721,VGMGGMEAK,2+,
14731,LTAEEMDER,2+,
7907,VVGQQGR,2+,
25258,LIAEEGVDSLNVK,2+,
26879,TALFEEISR,2+,
23316,QIGQFLR,2+,
21112,YFQHLLGK,2+,
12076,RLTDADAMK,2+,
6244,LHSHDIK,2+,
13983,LNLSTRPEK,3+,
6019,IQDEENK,2+,
39175,AQEACGPLEMDSALSVVQNLEK,3+,Carbamidomethyl C:4
15800,GPPPSWGR,2+,
518,MSCMDNK,2+,Carbamidomethyl C:2;Oxidation M:3
19235,PAMPQDSVPSPR,2+,
11339,EGVMVAK,2+,Oxidation M:3
25832,ALGDLISATK,2+,
4885,GVSSESSGDREK,2+,
30266,DIFDQLAK,2+,
6647,MCDNCCK,2+,Carbamidomethyl C:1;Carbamidomethyl C:4;Carbamidomethyl C:5
12200,DLEQTRSEK,2+,
19865,LDLQYAK,2+,
32966,ILLLGLDNAGK,2+,
15623,LVAVGGQPR,2+,
11745,WETEERPR,3+,
12583,GAEQLAEGGR,2+,
8248,ESTTSEQSAR,2+,
8840,RGGQALR,2+,
18690,FQEHIIQAPK,2+,
15334,EISAQIR,2+,
36114,ILSADFPALVVK,2+,
5932,GMGTVQK,2+,Oxidation M:1
27521,VGEIVVFR,2+,
4162,DHGDMTNR,2+,
13963,SPLAAPR,2+,
15381,QQNFNTGIK,2+,
8524,GQSEEIQKK,2+,
32068,DSFPNFLACK,2+,Carbamidomethyl C:8
14267,DGYQQNFK,2+,
34694,ILVPIQQVLK,2+,
3177,RAPPESR,2+,
6094,IGGAQNR,2+,
25866,HLMWDLGK,2+,
12753,TGIYEEK,2+,
15662,AMVSNAQLDNEK,2+,
5771,GAPHSSPAR,2+,
5128,RGGQALR,2+,
16058,EPEEVATCVGR,2+,Carbamidomethyl C:7
29361,AAIDWFDGK,2+,
9849,TGSQGQCTQVR,2+,Carbamidomethyl C:6
26009,TVNNLLK,2+,
7231,AAQANVR,2+,
5009,GMGTVQK,2+,Oxidation M:1
666,RGEDVETSKK,3+,
26203,VALVTFNSAAH,2+,
39038,DAAGIAMEAIAFAR,2+,
11742,STLPDADRER,3+,
19512,LASFYER,2+,
18403,TCNTMNQFVNK,2+,Carbamidomethyl C:1
12061,RKPEEESPR,3+,
16391,TGFQAVTGK,2+,
32525,VDAILCVAGGWAGGNAK,4+,Carbamidomethyl C:5
22388,SSDGHEFIVK,2+,
3473,EKPDQDAEGK,2+,
5639,ALENDQK,2+,
20693,EGMNIVEAMER,2+,Oxidation M:8
34293,LFDSTIADEGTWTLEDR,2+,
20055,FFHSLSEK,2+,
2855,EPGAEEK,2+,
17718,GFQVYK,2+,
10035,ADGEEPEKK,2+,Acetyl A:0
3094,HGEAQVK,2+,
16153,LLLQQNK,2+,
6849,HSQEDYR,2+,
6433,ASDVHEVRK,2+,
39205,LYVTYFGGDEAAGLEADLECK,2+,Carbamidomethyl C:19
15463,QVAEARSR,2+,
35656,TDEQALLSSILAK,2+,
27261,HTTSIFDDFAHYEK,3+,
7521,VMTDESGK,2+,Oxidation M:1
24724,NYLLSLPHK,2+,
28396,LAVNDFELAR,2+,
815,LHNAANANQK,3+,
9752,IQNNDNVGKPK,3+,
11598,MEDLRQYMFSSLK,3+,
37117,TPLQGILQLGQELKPK,2+,
15328,RLDFDYKK,3+,
34479,GLSIEQLTTLAEK,2+,
32464,YLEGTSCIAGVLVPAK,2+,Carbamidomethyl C:6
1767,KGEVVDR,2+,
16570,GNIMLSQK,2+,
6060,MVNDAEK,2+,Oxidation M:0
9152,KADFSTK,2+,
30758,EDVDDLVSQLR,2+,
19200,FSGHVSWVGK,3+,
12144,SHTALLR,2+,
38519,VVACTSAFLLWDPTK,2+,Carbamidomethyl C:3
33419,DMYEQFQNIMK,2+,
23993,TVDLGLTGNHGVVHPSLADSANK,3+,
15147,QLHELHLER,3+,
39172,LAQNILSYLDLK,2+,
4344,PFTCATCGK,2+,Carbamidomethyl C:3;Carbamidomethyl C:6
14957,SLADIAR,2+,
24016,MVDPEKPQLGMIDR,3+,
15218,PFGNSISR,2+,
32882,VAALFPALRPGGFQAH,2+,
35022,TLAFPLTIR,2+,
23921,ESLLPVAK,2+,
1157,VYSGHQGR,2+,
6196,SENESEAAR,2+,
11648,DDPSTIEK,2+,
7656,SGMNVAR,2+,Oxidation M:2
30586,SELVAMLEEEELRK,2+,
33321,ENGELLPILR,2+,
27671,ALEAFETFK,2+,
16117,DTLGPMQK,2+,
20747,SLGSALRPSTSR,2+,
11597,REMDQTMAANAQK,2+,
34688,VVINVPIFK,2+,
16952,AEDAVEAIR,2+,
15558,DMALATK,2+,
34839,LVVFPTDDISLK,2+,
17722,VIAQLSECEK,2+,Carbamidomethyl C:7
12416,VFTASCDK,2+,Carbamidomethyl C:5
11484,LGGLDTR,2+,
19879,FTPLPEGK,2+,
18601,GEALSALDSK,2+,
14859,LSDIPEGK,2+,
21949,KIPVVFR,2+,
32295,TTLPTFQSPEFSVTR,2+,
27951,FEVNPVWK,2+,
15154,LRDTEEMLSK,2+,
25828,MEWWSR,2+,
13781,EESSGTPAHQMNLR,3+,
10863,NPMYQK,2+,
11758,WGTDEDK,2+,
21764,INLIPNKQDR,2+,
30071,PLHPLLVVAPNQLK,3+,
5219,DIHYSVK,2+,
31238,LLDYVPIGPR,2+,
16372,LEAHSDWVR,2+,
3023,HESQQDYSK,2+,
23419,CTVIAAANPIGGR,2+,Carbamidomethyl C:0
6754,NVSSATHSAR,2+,
38918,AAGGESALAPSVFK,2+,
5148,AVECCDK,2+,Carbamidomethyl C:3;Carbamidomethyl C:4
21170,MAIESAGFK,2+,
11727,NSRPEANEALER,2+,
12367,LALNQGK,2+,
13700,AMDVYQK,2+,
7946,ASLRDEK,2+,
8970,VLEAGDK,2+,
5595,GNYSER,2+,
18240,VINSVDIK,2+,
31592,IEDYFPEFAR,2+,
8076,MVQEAEK,2+,Oxidation M:0
9272,SGMNVAR,2+,Oxidation M:2
26299,FYGELALK,2+,
284,GTAQQPR,2+,
3274,NQQFHK,2+,
36957,GLSVPNVHGALAPLAIPSAAAAAAAAGR,3+,
23060,VAENVIR,2+,
19805,NETDEDGWTTVR,2+,
22778,MDSFDEDLAR,2+,
32312,LPLNFLSGEK,2+,
8194,AEATEAAR,2+,
4914,HAVSEGTK,2+,
28973,SAGVEQLMYIK,2+,
25418,LLESDYFR,2+,
5512,AQYQQR,2+,
36766,LTSLGVIGALVK,2+,
17198,FEDSPSYVK,2+,
10306,VSELTER,2+,
20330,DQSGVQELVK,2+,
22213,FSTHESAAHAIVSVNGTTIEGHVVK,4+,
26843,LDDFLDLNHK,3+,
14215,EALGDAQQSVR,2+,
13461,EVQETTVTEGAAK,2+,
13104,AAQQQEEQEEKEEEDDEQTLHR,4+,
22263,LTVYLGK,2+,
16116,YFHPPAHLQAK,3+,
1661,SQEVEDK,2+,
4061,HGEAQVK,2+,
9179,VSGASNHQPNSNSGR,3+,
10854,GSSAGFDR,2+,
11224,TEGSDLCDR,2+,Carbamidomethyl C:6
14022,LEQEVAR,2+,
13662,YFGGTEDR,2+,
34213,VEGMTELYFQLK,2+,
14153,RPANQFVPR,3+,
5216,GGGYGGDR,2+,
5165,MNTNPSR,2+,Oxidation M:0
9798,AAEEEDEADPKR,2+,
11520,LHVENEDKK,2+,
25093,DDVSIYYVSR,2+,
4238,VEPSHDASK,2+,
11933,LGYANAK,2+,
33643,MLLGHMPTVELLK,3+,
6553,DRYDSDR,2+,
14795,YDPSSAK,3+,
12159,ALVADSHPESER,2+,
10378,HVLTGSADNSCR,2+,Carbamidomethyl C:10
28908,PAEAPTAPSPAQTLENSEPAPVSQLQSR,3+,
26649,ALCDPLEEVR,2+,Carbamidomethyl C:2
10946,EELEQASQAHGAR,3+,
20557,PNIPEAIR,2+,
22306,IDGITIQAR,2+,
20720,YGTDLSRGLTSAR,2+,
22277,YMLLCK,2+,Carbamidomethyl C:4
9215,VKEDPDGEHAR,2+,
26761,LDELYGTWR,2+,
14685,IREEFPDR,2+,
11080,HACSSIIK,3+,Carbamidomethyl C:2
33380,VVVEQLNLLVK,2+,
35881,CEEPPTFEAMELIGK,2+,Carbamidomethyl C:0
10831,NHAAPFSK,2+,
34115,NYLEGIYNVPVAAVR,2+,
21139,TFVHVVPAKPEGTFK,4+,
546,SHIMAAK,2+,Oxidation M:3
20299,LELAQYR,2+,
18984,RLDFDYK,2+,
13276,SQELEVK,2+,
22260,AVITVQR,2+,
19228,FYDLSSK,2+,
19273,GAAPPPPPVPR,2+,
13937,ELYIQHAK,2+,
12262,MSTMTPK,2+,
34746,MVEEVFSNAIDCLSDEDK,2+,Carbamidomethyl C:11
3872,HFMLSVK,2+,
28622,FALTNGIYPHK,2+,
14647,LMEVCK,2+,Carbamidomethyl C:4
19869,GIFFSHR,2+,
19592,APNDFNLR,2+,
31800,GFVLQDTVEQLR,2+,
27300,VWEGLNVVK,2+,
14779,ADLSGMSGAR,2+,
20822,TIVSIGDPK,2+,
6152,NQVTATK,2+,
10333,DETAVQDYHGHK,3+,
21933,RPLTAGTLFK,2+,
9579,HSYFEK,2+,
30168,VLPPPAGYVPIR,2+,
4436,TLDDSANR,2+,
3700,DGGQTESNEEGK,2+,
4484,QLHDEAR,2+,
19541,LLLTSTEK,2+,
13945,EESTEVLK,2+,
7299,MVNDAEK,2+,Oxidation M:0
5857,GSEQESVK,2+,
31210,MALLMAEMSR,2+,
21551,GIVEFASK,2+,
34080,AQEIDGQALLLLK,2+,
12751,SGSMDPSGAHPSVR,2+,
12091,HLLGAEHGDEPR,3+,
7451,RGNVAGDSK,2+,
13096,GRPYDYNGPR,3+,
21305,VVPDPNVIK,2+,
17218,MMALDR,2+,
19113,TLNAIAK,2+,
14910,SMSVYCTPNKPSR,2+,Carbamidomethyl C:5
874,QHQNTMEDK,2+,
19414,DTNFGTNCICR,2+,Carbamidomethyl C:7;Carbamidomethyl C:9
18375,IEGEPEFR,2+,
15736,ETEMALAK,2+,
24324,VVLLGEGCVGK,2+,Carbamidomethyl C:7
7398,RGNVAGDSK,2+,
38268,IAQFLSDIPETVPLSTVNR,3+,
30280,ECEGIVPVPLAEK,2+,Carbamidomethyl C:1
17852,FLNPDGSEK,2+,
11683,VLENAEGAR,2+,
24060,VLLAAAVCTK,2+,Carbamidomethyl C:7
8987,HSGEATNTVTK,2+,
12511,NCSSPEFSK,2+,Carbamidomethyl C:1
17896,YIASVQGSTPSPR,2+,
14375,HMQLYCDR,2+,Carbamidomethyl C:5
18988,INELMPK,2+,
26632,YVEPIEDVPCGN,2+,Carbamidomethyl C:9
7199,RSTITSR,2+,
1329,HLTQYHDHHK,3+,
38543,GVDEVTIVNILTNR,2+,
7117,GGGVAHGPR,2+,
14417,QVFGEATK,2+,
9066,LAHYNK,2+,
15781,HSVGVVIGR,2+,
4711,QAVSASGK,2+,
34646,VFGFSLITNK,2+,
13912,SGKPAELLK,2+,
17296,TVAVITSDGR,2+,
2006,VMTDESGK,2+,Oxidation M:1
26228,SFLEDIR,2+,
12606,HVPGGGNVQIQNK,3+,
2539,NIENSDK,2+,
14960,LLDGPSTEK,2+,
17054,RPELLTHSTTEVTQPR,3+,
5297,GNYSER,2+,
15017,HVFDMK,2+,
6674,RGNVAGDSK,2+,
23883,DGWPAMCIHGDK,3+,Carbamidomethyl C:6
20680,LQEVFGHAIK,2+,
15380,EPWDGR,2+,
25607,NFEWVAER,2+,
17465,VSITEAMHR,2+,
31227,CMPTFQFFK,2+,Carbamidomethyl C:0;Oxidation M:1
20883,IPAVTYPK,2+,
13126,MMYDQR,2+,
22154,LMCSLCHCPGATIGCDVK,3+,Carbamidomethyl C:2;Carbamidomethyl C:5;Carbamidomethyl C:7;Carbamidomethyl C:14
8949,RAQSFAER,2+,
33265,DWVLNEFR,2+,
13135,SENEPIENEAAK,2+,
9134,TQGEGPGPK,2+,
16894,EIGFSDK,2+,
24242,VEEVELPVEK,2+,
5621,EAAEMGK,2+,Oxidation M:4
29251,HDIAFVEFDNEVQAGAAR,3+,
24760,FWAYEQYK,2+,
14407,GGTPSAFDR,2+,
29007,AVLFCLSDDK,2+,Carbamidomethyl C:4
31141,SYWLDNFAK,2+,
10697,HDVNLGR,2+,
23107,EWVSMAGPR,2+,
10417,AVANTMR,2+,
18208,FAVLHGEAPR,2+,
27533,SIELFYK,2+,
37097,CPEALFQPSFLGMESCGIHETTFNSIMK,4+,Carbamidomethyl C:0;Carbamidomethyl C:15;Oxidation M:26
36081,TYGVSFFLVK,2+,
2032,SAVNQGHCHPK,3+,Carbamidomethyl C:7
11477,EWSQHINGASHSR,3+,
20211,LLDDAMAADK,2+,
6528,SYNEQR,2+,
3692,RQQENMQR,2+,
9265,NHSGNDERDEEDEER,3+,
9089,VMSTQR,3+,
23541,SSDPDYLAAVDK,2+,
14505,GTDDSMTLQSQK,2+,
13307,QIAEAVR,2+,
23222,EDGIVPLR,2+,
19578,QEIQHLFR,2+,
11332,VTDYAEEK,2+,
24234,SEDYVELVQR,2+,
30169,EGIILFK,2+,
12023,PASSSFGSEAK,2+,
4041,KVEDMMK,2+,Oxidation M:4;Oxidation M:5
9122,NVADDTR,2+,
5161,DQSAQCTASK,2+,Carbamidomethyl C:5
8741,TCGPYHK,2+,Carbamidomethyl C:1
11087,YIQAACK,2+,Carbamidomethyl C:5
2026,LTAGTGHK,2+,
19742,DIAGEFK,2+,
33360,ETGLMYSIMVH,2+,
14493,NYTSVYDK,2+,
36441,TGALLLQGFIQDR,2+,
40258,AQADIALIGLAVMGQN,2+,Acetyl A:0
2797,QYNEEGRK,2+,
13620,LGGGLGGTR,2+,
19105,DGVPEGAQLQGPVHR,2+,
5390,AAVEQEK,2+,
9385,QQELTHQEHR,3+,
18253,NDHQEDFWK,2+,
10379,VSNSGITR,2+,
16055,ARPVINIVHK,3+,
19481,TAWLDGK,2+,
6830,LTQTSGQSTHTHK,3+,
21584,QELELSVK,2+,
5454,HQGYTER,2+,
24574,VVIDAFR,2+,
24881,VLFTSLADNK,2+,
29138,FYFEELGK,2+,
30140,AVLLDLEPR,2+,
3019,NTQMDR,2+,
19096,GPNAVQLVK,2+,
28608,ISAFGYLECSAK,2+,Carbamidomethyl C:8
26548,VVNLGVLAQK,2+,
21092,GNIIISTPEK,2+,
7920,PASESPHHHTAPAK,4+,
23920,KLDPELHLDIK,2+,
31080,LELNYCVPMGVQTGDR,2+,Carbamidomethyl C:5
36415,KIEDLGAAMEEALILDNK,3+,
13439,TEELKPQVEEK,3+,
9032,INSPNSK,2+,
36794,IEEVPELPLVVEDK,2+,
26546,EATWTMSNITAGR,2+,
26193,SSPPVQFSLLHSK,2+,
14189,TIPYSDK,2+,
12108,VMMEGGR,2+,
28030,LVELPYTVK,2+,
9074,KWQDEDGKK,2+,
29657,NPMDYPVEDAFCKPQLVK,3+,Carbamidomethyl C:11
1459,SATSPEGK,2+,
34814,DVMDALILK,2+,
26770,LAGGDWFTSR,2+,
29231,AFYVNVLNEEQR,2+,
27805,LFYSTFATDDR,2+,
17935,NQLELAAR,2+,
26034,VLTSGIFETK,2+,
396,QEAEVHK,2+,
14852,APQVVAEAAK,2+,
16145,HFAEWR,2+,
19633,SGEVLVNVK,2+,
2144,TLAGHEGK,2+,
8182,YGEDNR,2+,
30177,ISEVVELLK,2+,
20982,ASCTTNCLAPLAK,2+,Carbamidomethyl C:2;Carbamidomethyl C:6
18250,ADSRDPASDQMQHWK,3+,Acetyl A:0
32245,ELLDTVNNVFK,2+,
6464,HNESVVK,2+,
33011,AITYNAMLAETSTVFHQNDVK,3+,
4589,KLEEQQR,2+,
6789,HIAEDSDR,2+,
16351,LLEAQSHFR,3+,
5077,KMGYYK,2+,
17652,EMELPAK,2+,
24747,DLGFNGAPYR,2+,
35001,EALLELLR,2+,
15464,EEVEDLCR,2+,Carbamidomethyl C:6
19596,SLSSSLDDTEVK,2+,
7147,SYGNSSDSR,2+,
29098,MFLSFPTTK,2+,Oxidation M:0
15089,VTFDDHDTVDK,2+,
14136,TTGHLIYK,2+,
36601,GEDNIDFMPTILSR,2+,
8577,NAEIGNK,2+,
5842,HNESVVK,2+,
23852,LHDPEGMGIIPR,3+,
29517,SVMAAAQVAGLNCLR,2+,Carbamidomethyl C:12
9495,QTSQCLK,2+,Carbamidomethyl C:4
22341,YNPTWHCIVGR,3+,Carbamidomethyl C:6
14752,LELSENR,2+,
8560,CAHIEAK,2+,Carbamidomethyl C:0
16606,FNQTYQLAHGTAEEK,3+,
9582,GAGSGELK,2+,
8487,EHSNPNYDK,3+,
12146,GQAVDYEGSR,2+,
12526,YCVEEEEK,2+,Carbamidomethyl C:1
20218,GEYDVTMPK,2+,
29344,IDPLAPLDK,2+,
32991,APLDIPIPDPPPK,2+,
7210,VTGDDSMR,2+,Oxidation M:6
22099,TVANLLSGK,2+,
7672,QATIESLK,2+,
38441,TVDSPICDFLELQR,3+,Carbamidomethyl C:6
15320,TTAAHGLELR,3+,
20732,EHIEELLR,2+,
29901,NSWGTGWGENGYFR,2+,
40104,DYPVVSIEDPFDQDDWGAWQK,2+,
12632,TVSSPPTSPR,2+,
7999,KVTQQDVK,2+,
4352,EAAEMGK,2+,Oxidation M:4
7399,HAVSEGTK,2+,
7383,HIAEDADR,2+,
25879,AINPINTFTK,2+,
26019,TYLPDFR,2+,
7883,GYISHQHQK,3+,
14563,GSFQVTR,2+,
660,KLEGGGER,2+,
39348,ASVVTLPVYLNFTR,2+,
15704,LISDINK,2+,
9019,EETDKEEPASK,3+,
10196,NDLFNK,2+,
17298,ISALMDK,2+,
7821,TSSSYTR,2+,
30625,CLVLTGFGGYDK,2+,Carbamidomethyl C:0
10512,DDYPSR,2+,
8341,SNLQNCSK,2+,Carbamidomethyl C:5
13514,LDGLQQR,2+,
12825,LIQESDQHLK,3+,
9080,SEAPSGESR,2+,
18145,QVQQLLGK,2+,
3370,KPVTVHSR,2+,
13968,NYEDEDSLK,2+,
26813,GISSQPFPELHCAALK,3+,Carbamidomethyl C:11
37125,LFEFAGYDVLR,2+,
28069,CVVILPDSVR,2+,Carbamidomethyl C:0
9269,ERESDLSSK,2+,
4015,RFVGHTK,2+,
29767,IFEPILGEGR,2+,
10977,MLTEQGK,2+,
20474,IVDVIGEK,2+,
4748,TLDDSANR,2+,
26976,FGIYDIDNK,2+,
12263,EDFPQK,2+,
7793,VGTECGNQK,2+,Carbamidomethyl C:4
32055,IPFEISK,2+,
15144,GLLNGASQK,2+,
9856,IYPGHGR,2+,
22011,LDADYPLR,2+,
10943,ESCDSALR,2+,Carbamidomethyl C:2
14575,VLCQGLK,2+,Carbamidomethyl C:2
9638,RSWSPTGER,2+,
13607,PSHCTIYVAK,2+,Carbamidomethyl C:3
17916,LPQLGEK,2+,
19502,GMGSLDAMDK,2+,
11275,TEEIAQER,2+,
11448,ISAPQER,2+,
38706,AALAVRLEGDELLDHLR,3+,
34408,AVMVSNILLINK,2+,
26110,NWMLVEK,2+,
15638,VLATVTKPVGGDK,3+,
15614,LINNAIK,2+,
7943,DVESDSAK,2+,
27031,LLSPILAR,2+,
17251,SMVEEGTGLR,2+,
15765,EPEMPGPR,2+,
16102,NEIREWEAK,2+,
28907,EPVQLETLSIR,2+,
33405,ALNILQSTNMAFGK,2+,
15300,EQTEGEYSSLEHESAR,3+,
17468,VALNMAR,2+,
14321,DADLTDTAQTR,2+,
11796,GIHEDSTNR,2+,
14138,MVQFEENGRK,3+,
19652,VSELHLEVK,2+,
6722,VGSAAQTR,2+,
21095,ETDEFFK,2+,
28860,EPLSLINVR,2+,
40040,DLADELALVDVIEDK,2+,
21028,YFYTAMSR,2+,Oxidation M:5
13414,MRPLTEEETR,3+,
11720,QQEEMMR,2+,
21272,TLLADQGEIR,2+,
28751,TVALDGTLFQK,2+,
21540,EIMDAAEDYAK,2+,
14133,ILLDHEK,2+,
21218,ALVSEWK,2+,
20907,STIIGESISR,2+,
1224,QHLAVSHEK,2+,
5629,TLSEAGK,2+,
12404,QQMENYPK,2+,
18486,ALIDQEVK,2+,
3272,NIENSDK,2+,
24830,QSLEYLEQVR,2+,
10692,ADEPMEH,2+,
4939,RVQGASGK,2+,
31786,DILIDPIR,2+,
4775,RGNVAGDSK,2+,
36016,LLELQSIGTNNFLR,2+,
502,FQGAGSNKK,2+,
28434,YIIEELNVR,2+,
29684,LELSVLYK,2+,
17527,GLAPEVADR,2+,
11417,YLMAEK,2+,Oxidation M:2
8064,ASDPGAASTK,2+,
32646,EEYAVLISEAQAIK,2+,
17490,LNWTGTSK,2+,
36051,EFLALASSSLLK,2+,
22841,AIADYLR,2+,
11478,ALQSGPPQSR,2+,
13183,WPQSNPK,2+,
19428,LFAYPDTHR,3+,
41,ADLDHQR,2+,
12296,IQSTVTQPGGK,2+,
2890,ALECLPSK,2+,Carbamidomethyl C:3
9360,EAAEMGK,2+,
38669,TSDTIAPWFHGILTLK,3+,
20860,LAENIDAQLK,2+,
7256,DSYSSSR,2+,
15971,AHSSMVGVNLPQK,3+,Oxidation M:4
12987,IAKFFGK,2+,
28084,IEVLYEDEGFR,2+,
26754,DVDGFHVINVGR,3+,
32659,LTPLYELVK,2+,
15980,LNNCGMGIGGGK,2+,Carbamidomethyl C:3
6898,AAQANVR,2+,
37964,GVVALQTLR,2+,
16829,RLEVLDSTK,2+,
11257,MGSGIER,2+,
12626,TLDGFKK,2+,
12986,WGASTATTQK,2+,
39301,LNWLSVDFNNWK,2+,
20409,EVGSPPLDPTER,2+,
13548,VPMTSGVK,2+,
8166,AVTTPGKK,2+,
6069,SNDGNSYR,2+,
25939,LDLAGTLPGSK,2+,
6146,GDTSGDYK,2+,
4439,KHEDFEK,2+,
20779,ILSLAAEK,2+,
39746,TALLDAAGVASLLTTAEVVVTEIPK,2+,
26202,EVLASDLVVK,2+,
30862,KSWEEQMIEVGR,3+,
8456,GEIEDYR,2+,
21034,CNGVLEGIR,2+,Carbamidomethyl C:0
23699,DLLHPSLEEEK,2+,
15798,LPQTEQELK,2+,
30432,ICLDILK,2+,Carbamidomethyl C:1
10347,QMQPTHPIR,3+,Oxidation M:1
7075,RPEVDGVR,2+,
24433,DDGSTLMEIDGDK,2+,
17842,LTEVLTDSHVK,3+,
20015,WQAIYK,2+,
12595,NCVAIAADRR,3+,Carbamidomethyl C:1
15359,AIEPNDYTGK,2+,
24768,AAAVPVEFQEHHLSEVQNMASEEK,4+,
18534,NEIDNYEEDYQK,2+,
17074,NDYEFCAK,2+,Carbamidomethyl C:5
8222,EEEDKDDEEKPK,4+,
19465,TFHFNTVEEVHSR,4+,
21277,SLIEEGGDWDRR,3+,
5567,VDPNGSR,2+,
13115,TSTGAPAAIK,2+,
5379,AQLENEK,2+,
20814,PSYAFGSVGK,2+,
18130,VVEIVDEK,2+,
8409,ATGAATPK,2+,
754,KADMLEK,2+,
844,KGNYAER,2+,
15004,LHAEFAAER,2+,
15579,AILDASR,2+,
15845,YIDQEELNK,2+,
38397,AYAYLFK,2+,Acetyl A:0
18923,YGDSEFTVQSTTGHCVHMR,4+,Carbamidomethyl C:14
11161,STSTPTSPGPR,2+,
13234,IGTDIQDNK,2+,
18107,IPEMHLK,2+,
18335,TPLRPLDPTR,2+,
11824,GQPDEELKPK,3+,
15259,NIPQGAPVK,2+,
16704,TETVTSFR,2+,
10827,SLENTVEER,2+,
25627,VVVPPLPGK,2+,
6135,ANIAWCR,2+,Carbamidomethyl C:5
12369,VMVNQDR,2+,
37100,LTPTSVLDYFGTGSVQR,2+,
3720,RGGQALR,2+,
32247,IHLFDIDVPGK,3+,
19184,SVVLMSH,2+,
12338,GGLSPANDTGAK,2+,
9386,QAAAHTDHLR,3+,
2603,SHFTDK,2+,
16531,IPGGLSEAK,2+,
4010,SAEGAPQK,2+,
7276,MCDNCCK,2+,Carbamidomethyl C:1;Carbamidomethyl C:4;Carbamidomethyl C:5
9572,CAQGCVCK,2+,Carbamidomethyl C:0;Carbamidomethyl C:4;Carbamidomethyl C:6
34678,WVGPLPVEATLAK,2+,
6569,DAASVDK,2+,
7432,NYTGDR,2+,
1499,ENYGQK,2+,
24208,AQAALAVNISAAR,2+,
13646,DVDAAYMSK,3+,Oxidation M:6
8148,RKPEEESPR,2+,
22224,LLEETLAPFR,2+,
6384,RGNVAGDSK,2+,
18738,KLETNPDIKPSNVEPMEK,3+,
12605,TMGCIR,2+,Carbamidomethyl C:3
20599,FIQTFGK,2+,
20858,LTDISVTDPEK,2+,
19048,IGALEGYR,2+,
6634,DGYGGSR,2+,
7868,NTDTLSK,2+,
24862,AVMEQIPEIQK,2+,
30377,SELTDSASVLDNFK,2+,
13252,EQAELEAAR,2+,
19466,QNEFSVVR,2+,
14508,VQVYQEPNR,2+,
14470,AHINLVR,2+,
9828,TEAQGVR,2+,
22503,DYAFVHMEK,2+,
11445,APQALER,2+,
30022,ALQFLEEVK,2+,
19649,DLEASIAR,2+,
6513,YEEEMR,2+,
13629,AMEEILR,2+,
10245,HCNNGIPEDSK,2+,Carbamidomethyl C:1
16835,NIAPNISR,2+,
15390,PHYGSVLDNER,3+,
15580,VPDLDKR,2+,
40346,LQAVWPPPK,2+,
8708,MMMQSGR,2+,Oxidation M:0;Oxidation M:1
9002,IGGSTDTGK,2+,
15295,ADLGVSGPK,2+,
27953,AEFGDFDIK,2+,
18502,EAWPHIK,2+,
6493,RPAQSVNR,2+,
22913,DEDSAEALLK,2+,
18394,LWPSGDR,2+,
22188,ILMGSTLR,2+,
37659,KLEDLPENMR,2+,
9426,NSSNKPAVTTK,2+,
9597,REEDEPEER,2+,
18065,PSGLVMAR,2+,
3386,SSETLRK,2+,
20928,APVLFNK,2+,
21130,IVEQPTVSVTEPK,2+,
18024,YVTQVIR,2+,
12660,MGANNLER,2+,
14349,KEMLDVK,2+,
23671,DTPGFIVNR,2+,
5948,HCGALR,2+,Carbamidomethyl C:1
11428,SDRPELTGAK,3+,
12375,ALEQETR,2+,
30728,GFIMAEVMK,2+,
22943,MALFAGGK,2+,
20276,WTAIVDK,2+,
17744,QYINAIK,2+,
26126,GNGGVYGWDLK,2+,
33734,RALIESYQNLTR,2+,
7293,EQNYQR,2+,
23146,ALSVGLVK,2+,
11142,EVCDEVK,2+,Carbamidomethyl C:2
19506,GLDISHISQR,2+,
11336,LYAVHQEGNK,2+,
21744,GILIDTSR,2+,
16624,FEEEELQR,2+,
38777,ALGLVTPAGVLLAGPPGCGK,2+,Carbamidomethyl C:17
33877,FIGTTPNSFELIR,2+,
28201,TSVTDFLR,2+,
14036,HYIPVK,2+,
4648,ESSTADSEAR,2+,
4278,IGEAEAK,2+,
618,AHVENTER,2+,
18933,EWQHEEFYR,3+,
27052,LPSFWNNNK,2+,
5212,STDEVDSK,2+,
21381,AVLGSVER,2+,
14239,LYASYEK,2+,
16083,YTEMDYAR,2+,
20025,LLYDWSDK,2+,
27467,NVEVLASR,2+,
667,VHHFTK,2+,
31421,DVQIGDIVTVGECR,2+,Carbamidomethyl C:12
21564,YAAMFGPK,2+,
12234,QEEEMMAK,2+,
10448,AEAVESAQAGDK,2+,
445,VSSCEQR,2+,Carbamidomethyl C:3
26060,VEHGSVALPAIMR,3+,
15387,GLPNVQR,2+,
34838,SYSPYDMLESIR,2+,
1640,KDDSVGYR,2+,
23109,GQVVSLIR,2+,
19223,SHLLNCCPHDVLSGTR,3+,Carbamidomethyl C:5;Carbamidomethyl C:6
21741,DTSNDPGQLLR,2+,
4713,AGMSSLK,2+,Oxidation M:2
13853,SVLGEADQK,2+,
9130,GDFNHER,2+,
5402,QAQEEAER,2+,
17367,TASDFITK,2+,
7519,NAAHAIQK,2+,
24795,LHQLAMQQSHFPMTHGNTGFSGIESSSPEVK,3+,
24358,EGIPGLYR,2+,
35524,MSLFYAEATPMLK,2+,
3599,HGEAQVK,2+,
31518,LNDTIQLLVR,2+,
10985,PQIAGTK,2+,
2190,RVPGSSGR,2+,
10082,AADHTVYK,2+,
11088,IHGSPLQK,2+,
22854,HIYLLPSGR,2+,
8942,EQDYQR,2+,
27996,IVALFPK,2+,
7213,AHESVVK,2+,
29199,EVFPVLAAK,2+,
23759,QATYGYYLGNPAEFHDSSDHHTFK,3+,
29789,ASLLDPVPEVR,2+,
9060,SAEEPQEK,2+,
6431,VGSAAQTR,2+,
21953,GNGIVECLGPK,2+,Carbamidomethyl C:6
30521,NLVPEEADEHLFALEK,3+,
33573,IYVDDGLISLQVK,2+,
8879,HFEQMK,2+,Oxidation M:4
11485,SRPSSVSPR,2+,Acetyl S:0
9890,NYDPQK,2+,
20099,DDDWGNIK,2+,
19375,VEQTETPEMMEAR,2+,
34121,LEESYDLEPFLR,2+,
9813,TIATSQNR,2+,
17788,QLPHFTSEHIK,3+,
4034,AAVEQEK,2+,
19358,EAAAALVEEETRR,3+,
11619,CGETGHVAINCSK,3+,Carbamidomethyl C:0;Carbamidomethyl C:10
24882,LFFVGSR,2+,
39945,EEEIAALVIDNGSGM,2+,Acetyl E:0
16126,APEVDIK,2+,
13103,IEELQQR,2+,
27403,ILSNNPSK,2+,
2278,ENYGQK,2+,
32369,QAWFIENEEQEYVQTVK,3+,
1155,ASSEVER,2+,
3655,KVEDMMK,2+,Oxidation M:4;Oxidation M:5
23018,HGNQYIQVNEPWK,3+,
11238,DVYLSPR,2+,
15557,GQSPAGDGSPEPPTPR,2+,
11042,FNQVESDK,2+,
9031,AHAHLDTGR,2+,
8212,DISGPSPSK,2+,
6608,ITDSEDK,2+,
16319,DIQEDSGMEPR,2+,
24436,LEEDINSSMTNSTAASRPPVTLR,2+,
6177,ALSSQHQAR,2+,
4353,NYPEGHK,2+,
3283,KGNYAER,2+,
21520,LEGDAALNR,2+,
13020,SDPSIVR,2+,
17136,DFEEMR,2+,
25183,RGIIGYDV,2+,
1345,MVNDAEK,2+,Oxidation M:0
16400,SLYHDISGDTSGDYRK,3+,
493,HSQIINK,2+,
11168,EETVNDPEEAGHR,2+,
17944,SLTAEIDR,2+,
11278,HAWNNYK,2+,
17640,EVDGLDVSK,2+,
29282,ALCYLVLK,2+,Carbamidomethyl C:2
7603,TQVADAK,2+,
10595,VSAQEVR,2+,
2701,EKGEDEKEEEDRK,3+,
7477,SCNGGSHPR,2+,Acetyl S:0;Carbamidomethyl C:1
29011,IFNVAIPR,2+,
10468,VMMEGGR,2+,Oxidation M:1
23183,ALTTMGFR,2+,
35796,LPSNLPQLQNLIK,2+,
10988,QPDPDENKPMEDK,3+,
4354,NPPENSDSGTGKK,3+,
16795,QGFPMK,2+,
4824,NADDDRGPR,2+,
13705,RLDIAGR,2+,
22208,FEDWLK,2+,
38810,KPEQIVDFLK,2+,
6454,HAVSEGTK,2+,
611,HPAHPMR,2+,
29238,QAQVPLAAVIK,2+,
14984,LSFHQTQVSQR,2+,
10052,GPPPRLPPPAPPGIPPPR,4+,
13556,QVHPDTGISSK,2+,Pro->pyro-Glu Q:0
1756,QMADTGK,2+,
20499,DLAALEDK,2+,
25351,FYIDPYK,2+,
16915,IMAQIER,2+,
13095,NCTYTQVQTR,2+,Carbamidomethyl C:1
25643,DVEDEETWIR,2+,
10424,YYNSDVHR,2+,
14142,EQLAAVR,2+,
9584,VTQQDVK,2+,
34387,NIPMLFVR,2+,
31297,FLVGPDGVPLR,2+,
21064,EMSVYEAYR,2+,
7495,HGEAQVK,2+,
10193,KIEISQHAK,3+,
8810,TEDKITDTKK,3+,
10432,SNSLASEK,2+,
11869,IIRPSETAGR,3+,
29108,NLDISRPDK,3+,
39194,AMGIMNSFVNDIFER,2+,Oxidation M:1
16389,FNEENYGVK,2+,
23890,PISINYR,2+,
6679,RKLESTESR,3+,
7662,GIKPVYVFDGKPPQLK,2+,
31560,FEPIHGNFLLTGAYDNTAK,3+,
4715,MNTNPSR,2+,Oxidation M:0
29014,ATLNAFLYR,2+,
24755,QLLDFSQK,2+,
1114,DVARVESK,2+,
2507,EPGAEEK,2+,
15288,ANGHLLLNSEK,2+,
15810,NANEMFR,2+,
6893,RSTITSR,2+,
17002,RLFNVDR,2+,
18432,GPDNSMGFGAER,2+,
10101,RAAEDDEDDDVDTK,3+,
11365,VSQGVEDGPDTK,2+,
31206,YSDFEWLR,2+,
22334,IIGVDINK,2+,
8134,VTEGQQER,2+,
13011,IIIENKPK,2+,
39220,LVDTAWLEIMTK,2+,
20216,NLDITGVK,2+,
21002,DLAEDAPWKK,3+,
3412,YDTDGSK,2+,
14448,IKALADER,2+,
2779,QDDGTGPEK,2+,
22919,ASYILMEK,2+,
26773,QPPSQFEPLDMK,2+,
15171,EISDHVLR,2+,
16257,YIPPHLR,2+,
7335,SGMNVAR,2+,Oxidation M:2
36980,LWALQDFSCLK,2+,Carbamidomethyl C:8
34855,LDISDEFSEVIK,2+,
14163,FTTGDAMSK,2+,
2456,VEECQR,2+,Carbamidomethyl C:3
1878,YQGQDEK,2+,
12449,ASPSTAGETPSGVK,2+,
16404,ALMDEVVK,2+,Oxidation M:2
28503,FSWFAGEK,2+,
39751,AAAAAEQQQFYLLLGNLLSPDNVVR,3+,Acetyl A:0
5400,TKPTHGIGK,2+,
19972,ILDAAGANLK,2+,
12225,FDSSLDRK,2+,
15034,GSQYWR,2+,
15678,EGYGGFR,2+,
13806,GDVDVTGPK,2+,
12060,NLDQMK,2+,
39196,LLALNPDAVELFK,2+,
7750,EAAEQAER,2+,
16728,RINVELSTK,2+,
18271,VPLSAYER,2+,
15647,SSPVFTSR,2+,
2638,GKQEEEKPGEEK,3+,
4073,HVSDDMK,2+,Oxidation M:5
5814,LEGGGER,2+,
11904,VYNDIGK,2+,
38378,GPGPVDLLLCCGDFQAVR,2+,Carbamidomethyl C:9;Carbamidomethyl C:10
17424,ENVFQEHQTLK,3+,
40504,VFLENVIR,2+,
27492,TSDFNTFLAQEGCTK,2+,Carbamidomethyl C:12
19059,VYAEVNSLR,2+,
23550,GLALGIAK,2+,
15889,ELGCLSR,2+,Carbamidomethyl C:3
33105,KEAFTEAR,2+,
29788,EPVSLPGIMR,2+,
22169,SPPIPLAK,2+,
2244,HAVSEGTK,2+,
14652,MNSLPAER,2+,
6850,MSSSEEESK,2+,
13419,LEEMTQR,2+,
3351,RGGQALR,2+,
19551,TGTVSLEVR,2+,
20965,CFSLAATR,2+,Carbamidomethyl C:0
4843,DHGDMTNR,2+,
17503,FYWGHK,2+,
1138,HAVSEGTK,2+,
35663,TQSGLQSYLLQFHGLVR,3+,
17578,LVEALCAAGHR,3+,Carbamidomethyl C:5
22817,CEAFGWH,2+,Carbamidomethyl C:0
14008,ASFNHFDR,2+,
14066,KQEYDESGPSIVHR,4+,
22571,DILNMEK,2+,
15522,MHNQIPQVTSDGK,2+,
17971,VSIVNQYGK,2+,
21944,AIDQDPYFR,2+,
10790,ITEAPASEK,2+,
35571,TFPLCFDDHDPAVIHENASQPEVLVPIR,4+,Carbamidomethyl C:4
10529,ALDPAFK,2+,
3763,MVNDAEK,2+,Oxidation M:0
21252,QTVLESIR,2+,
11340,KFEEETVK,2+,
124,YTQSNGR,2+,
15363,HIVDCIR,2+,Carbamidomethyl C:4
13264,SIALTQAR,2+,
4613,KGNYAER,2+,
7244,AAQNISK,2+,
12827,LIDDVHR,2+,
13159,ATLPDADK,2+,
23118,QSGESIDIITR,2+,
6149,MNTNPSR,2+,Oxidation M:0
3001,HGGYKPSDEHK,3+,
37502,NPWSMDENLMHISYEAGILENPK,2+,
6056,VTSNLGK,2+,
1133,DDTDDEIAK,4+,
18837,ISELGAGNGGVVTK,2+,
17545,ADTLTLK,2+,
29873,GLEELINK,2+,
23081,PAQVEPLLR,2+,
19169,SLPNEEIVQK,2+,
14618,INVNEITR,2+,
6753,VTSTQQQTR,2+,
20193,VNVTGIYR,2+,
13827,SAPNYCYR,2+,Carbamidomethyl C:5
15552,QSLHTYLR,2+,
15140,SRWNQDTMEQK,2+,
4881,SSVQGASSR,2+,
20295,QEYDESGPSIVHR,2+,Pro->pyro-Glu Q:0
7560,AQETEAER,2+,
20851,EVLDQVCYR,2+,Carbamidomethyl C:6
8089,VMQEQGTHPK,3+,Oxidation M:1
6540,KNDIDLK,2+,
26715,NREPLMPSPQFIK,3+,
34641,FDILCVVR,2+,Carbamidomethyl C:4
39606,AIGLSVADLIESMLK,2+,
16017,IPDEINDR,2+,
19413,ISDVVLDK,2+,
20793,KVEELEGEITTLNHK,3+,
15340,AAQVMGPPDR,2+,
8215,NNAYPHK,2+,
2228,KPAAAGVK,2+,
10712,DEDDADYKPK,2+,
18103,IITAVPK,2+,
33618,LPPEFSPVIIK,2+,
13119,RVEELVAK,2+,
24781,LGGSAVISLEGK,2+,
15436,AIDGLDR,2+,
21296,LTDAQILTR,2+,
12334,RPYDLDR,2+,
14581,HLIPAANTGESK,2+,
4886,KPENEMSGK,2+,
7620,MVNDAEK,2+,Oxidation M:0
37940,DLYLIPLSAQDPVPSK,3+,
25997,LANLPEEVIQK,2+,
21613,ISQLEMAR,3+,
22670,ITDFGLSK,2+,
34143,GVLTGPEYEALDALPDAER,2+,
11998,QAVDQIK,2+,
11591,EFGGGHIK,2+,
7528,DSSVAAR,2+,
22992,LVPLLSHQEVK,2+,
8082,GCYNTR,2+,Carbamidomethyl C:1
18886,LYYAMK,2+,
28377,VAVTVMDVAHLAK,3+,
15370,KLPEELGR,2+,
21746,DTSASAVAVGLK,2+,
5521,HAVSEGTK,2+,
13840,GHPAPNFK,2+,
17197,DVLNDTAPR,2+,
12979,ACIGGTNVR,2+,Carbamidomethyl C:1
14447,IAGYVTH,2+,
23981,EDAMAMVDHCLK,2+,Carbamidomethyl C:9
22017,EPLTPEEVQSVR,2+,
11404,RADPAELR,2+,
7504,KVEDMMK,2+,Oxidation M:4;Oxidation M:5
19098,PLLSVNK,2+,
27159,VVSEIPVLK,2+,
31521,DEWLRPEDLPIK,2+,
37945,LMDLDVEQLGIPEQEYSCVVK,3+,Carbamidomethyl C:17
17280,NSVEVALNK,2+,
12593,LTVENSPK,2+,
6559,QVGSGGDGER,2+,
26852,LKDVTLQK,2+,
17335,ILEEFRK,2+,
36995,SAEGNEFWSALLEK,2+,
17351,EFMTPR,2+,
22981,MVNYIQMK,2+,
14060,LSEELSGGR,2+,
7174,HFVDSHHQK,2+,
7221,VSSAEGAAK,2+,
12603,HTNYTMEHIR,2+,
29069,QQILLSFK,2+,
16698,TFEGNLTTK,2+,
21274,LAGLALPR,2+,
14855,DVIRPGMR,2+,
33334,KQPALDVLYDVMK,2+,
15477,ETCPYIR,2+,Carbamidomethyl C:2
11410,VCCQDIR,2+,Carbamidomethyl C:1;Carbamidomethyl C:2
17855,APYEWK,2+,
7444,LQMEEDAAR,2+,Oxidation M:2
24030,NAVIVALSSK,2+,
9882,FDGQETK,2+,
13811,ATVEELK,2+,
12619,VQTAALR,2+,
13528,LLSPSNEK,2+,
7780,YVDDIEK,2+,
17007,DVAEVDTVR,2+,
28560,ITENIGCVMTGMTADSR,3+,Carbamidomethyl C:6
26547,IPLAEWESR,2+,
15879,WVHAEMVNK,3+,
10975,AEASLER,2+,
13257,PQSHLYGPGETAR,3+,
33670,YWDLMNLSEK,2+,
6677,AQYQQR,2+,
13162,LQLEETDHQK,3+,
15395,ELALGSNK,2+,
2139,HPLQNR,2+,
11751,LVGGTTPGK,2+,
10434,VNIGQGSHPQK,3+,
18496,VIAATNR,2+,
11978,MEEETEVR,2+,
9136,RGESMQPNRR,3+,
20332,AAYDIEVNTR,2+,
7723,GQESFKK,2+,
36816,IAMMCNEFFEGFPDK,2+,Carbamidomethyl C:4
2613,GDQESAEANK,2+,
13718,AQELGHSQSALASAQR,3+,
18955,KVICIPK,2+,Carbamidomethyl C:3
8218,AVANTMR,2+,Oxidation M:5
8191,HQLEETK,2+,
30416,GWDDLFNK,2+,
38574,LPPVLNLQELEAYR,2+,
2329,EKGEDEKEEEDRK,3+,
2545,HGEAQVK,2+,
17102,GTVYFK,2+,
21838,IVCDLIENK,2+,Carbamidomethyl C:2
7569,YEWGGWR,2+,
10020,TFSSISR,2+,
36424,NVVVTAIR,2+,
32520,SQEQILEILR,2+,
16122,DFAPPGQQK,2+,
29167,GHDAPVLSLSFDPK,2+,
23062,GVWSELSK,2+,
9075,NADCSSGPGQR,2+,Carbamidomethyl C:3
13249,MEESFSSK,2+,
15343,EEEEPMDTSSVTHTEHYK,2+,
12422,IHSLPPEGK,2+,
15048,NMGADLCR,2+,Carbamidomethyl C:6
10758,TLIDQHK,2+,
27394,ALTGGIAHLFK,2+,
11686,TVEAEAAHGTVTR,3+,
11712,TYTEHAK,2+,
22043,LANLINAEER,2+,
35624,YVLGMQELFR,2+,
20344,MPEMSIK,2+,
19993,SGIQPLCPER,2+,Carbamidomethyl C:6
8149,HFSQTSR,2+,
29277,YNILGTNAIMDK,2+,
4503,QQPDEQR,2+,
20854,HRPDLIDFDK,3+,
1481,GSQQYR,2+,
11887,LGGAGMER,2+,
6373,VGSAAQTR,2+,
12477,RLQQQELR,2+,
1236,HATEQEK,2+,
37275,SISVNQWGSQLGLSVLSK,2+,
30820,IIPLLTDPK,2+,
3067,EKPDQDAEGK,3+,
14152,QILSADDK,2+,
1519,SHFQNSR,2+,
22110,PLIVVANK,2+,
15561,TATVYPEPQNK,2+,
9213,DAASVEK,2+,
12170,ILNETGK,2+,
19643,EWVESMGGK,2+,
11549,QAGEVTYADAHK,3+,
18396,EEMQSNVEVVHTYR,3+,
8239,RAEGPPR,2+,
33065,LAALASDFSEDMLQEK,2+,
18893,ALWCSEDK,2+,Carbamidomethyl C:3
25797,EDFELQLNK,2+,
28178,LCLPSFDK,2+,Carbamidomethyl C:1
13965,DEADELR,2+,
5238,LDDDSERK,2+,
28099,QCFLVLR,2+,Carbamidomethyl C:1
21749,WMIDSR,2+,
29830,VVISLQLTAEK,2+,
6236,EAAEMGK,2+,Oxidation M:4
33153,HGTNFLK,2+,
9403,DSNTDVGAK,2+,
19667,EEVHDLER,2+,
13787,VPNMPQQR,2+,
4765,LAADGSLGR,2+,
35845,WFLTCINQPQFR,2+,Carbamidomethyl C:4
15566,FMSVQR,2+,
2561,YRQDDDQR,3+,
25891,GEAHLAVNDFELAR,3+,
3347,RQQENMQR,2+,
18220,QSTDEEVTSLAK,2+,
32389,LFEWVVNR,2+,
27338,NAYVWTLK,2+,
12727,ITGDPYK,2+,
14489,LAALQGR,2+,
20031,PGLPEDLQK,2+,
28914,YLVSLGCIK,2+,Carbamidomethyl C:6
18530,LAAAEGLEPK,2+,
21511,EELLAVGK,2+,
32280,WEFPNFNSR,2+,
11163,ATSSSSGSLSATGR,2+,
20234,LTAQFVAR,2+,
3609,PVTVHSR,2+,
14692,PIHQGPDAAVTGHIR,4+,
7502,VEKPDTK,2+,
16361,VQSFQMK,2+,
13919,STMNFK,2+,
5805,SAQEPAR,2+,
13933,MELHGEGSSSGK,2+,
7030,DGSYGSGR,2+,
10864,EAPAQPAPEK,2+,
13342,EVMVDDR,2+,
606,KVEEAAK,2+,
386,ERQEQEEAR,2+,
39189,ILDIYHQEACGGCIISVGGQIPNNLAVPLYK,3+,Carbamidomethyl C:9;Carbamidomethyl C:12
21912,LADDLSTLQEK,2+,
8945,GGGPQAQSHGEAR,3+,
12458,HMFTPK,2+,
21706,VEFSISDK,2+,
23617,IFLDPEK,2+,
3870,EKPDQDAEGK,2+,
17984,CNTNTAIELK,2+,Carbamidomethyl C:0
24404,TGFINLDK,2+,
9589,EEPSNNVK,2+,
28027,DLESLFHR,2+,
10054,GGPSHSAGANLR,3+,
398,AAGGGSYK,2+,
1853,GTAPSDNR,2+,
12079,EHPVVISK,2+,
11920,TDYYAR,2+,
33820,DFIDLTLSK,2+,
5599,HAAESLDK,2+,
19300,LEPEAWK,2+,
9498,RLEANTQR,2+,
1974,YQSNPK,2+,
24072,ISGLIYEETR,2+,
28411,TTFEDLIQR,2+,
23219,ELEDFEMK,2+,
13445,EQEMTEMR,2+,
26190,ALAEGVLLR,2+,
21303,VAIYSPDGVR,2+,
24595,FCIQEIEK,2+,Carbamidomethyl C:1
23260,FDSPESHVGVAWR,3+,
15912,FCPTENVAK,2+,Carbamidomethyl C:1
12372,LTVAEGK,2+,
7087,YHSGDVR,2+,
20999,DLQDELAGNSEQR,2+,
13545,EAVTTLK,2+,
3469,HCGALR,2+,Carbamidomethyl C:1
8683,YVAQAHDK,2+,
903,DQGNASPR,2+,
11450,TICSSVDK,2+,Carbamidomethyl C:2
3825,VTGDDSMR,2+,Oxidation M:6
12012,VSDFGGR,2+,
16469,ALCSLHSIGK,2+,Carbamidomethyl C:2
34685,AVASDFYLR,2+,Acetyl A:0
18029,VHIDIGADGR,3+,
13555,ISAQDAK,2+,
2722,GAGHEIR,2+,
4818,ESESVDK,2+,
17920,SSTITVDQMK,2+,
14265,VYTPVGK,2+,
1316,HLSASQK,2+,
13881,ALEATTEHIR,3+,
18553,GLTDLSACK,2+,Carbamidomethyl C:7
20440,AMMYSGELK,2+,
14536,GFDQDMANK,2+,
22135,EKPPITVVGDVGGR,3+,
10316,SGYSSDRDR,2+,Acetyl S:0
12551,GQQQVFK,2+,
19130,TLMECVSNTAK,2+,Carbamidomethyl C:4
17879,VFEHDSVELNCK,3+,Carbamidomethyl C:10
11303,SDSHPSDALTR,3+,
16820,EVSAYIK,2+,
4664,VENTEENRR,3+,
33607,KEYEAAVEQLK,2+,
13551,VTQVDGNSPVR,2+,
1628,HSEVETDSK,2+,
17653,YRDPTTVTTLR,3+,
33204,TIEEIEGLISAHDQFK,3+,
9954,YHTVNGHNCEVR,3+,Carbamidomethyl C:8
18364,NMQNAEIIR,2+,
11377,RGLDAAHER,2+,
29831,EAADWVSGHFPSPIR,3+,
23338,KQELLEALTK,3+,
10651,ASYGVSK,2+,
29146,GYAFVTFCTK,2+,Carbamidomethyl C:7
27125,DLTDYLMK,2+,Oxidation M:6
16808,GLPPSMER,2+,
6865,AVAATSTK,2+,
30422,TALEAVKR,2+,
27149,VFFYNPTTR,2+,
19308,IGLIQGNR,2+,
39024,LASDLLEWIR,2+,
6739,KVEDMMK,2+,Oxidation M:4;Oxidation M:5
35440,CFVYPLDFAR,2+,Carbamidomethyl C:0
6306,MVQEAEK,2+,Oxidation M:0
15657,LNFSGQR,2+,
18505,VVVLNCEPSK,2+,Carbamidomethyl C:5
10612,VDAASLK,2+,
36656,VNFGTDFLTAIK,2+,
5026,NPPENSDSGTGKK,3+,
11868,EESSIPR,2+,
28769,TPPLLENSLPQCYQR,2+,Carbamidomethyl C:11
7505,LQLEACGMR,2+,Carbamidomethyl C:5
28125,VSLMPATLAR,2+,
4891,RVYFSDR,2+,
13196,CIIPNHEK,2+,Carbamidomethyl C:0
14201,EYEAALNSK,2+,
7315,ESEEGCPK,2+,Carbamidomethyl C:5
7010,KREEPTAETK,3+,
8877,KTEVCQTCSK,3+,Carbamidomethyl C:4;Carbamidomethyl C:7
22982,MLVAGATSIAR,2+,
12505,VAGDCLDEK,2+,Carbamidomethyl C:4
21270,CDNFTSSWR,2+,Carbamidomethyl C:0
32454,SFEWLSQMR,2+,
29976,TWFSIPEK,2+,
13210,VRPDYTAQNLDHGK,3+,
22155,FSNTLELK,3+,
21871,FEDHEGLPTVVK,3+,
10088,RGPPPPPR,2+,
12570,GGGEQETQELASK,2+,
27604,AIAVTVQEMVTK,2+,
22986,EVMFTEEDVK,2+,
16658,IVEVGPR,2+,
19092,LPVTINK,2+,
3558,IKEDEDDK,2+,
11312,VPVGDQPK,2+,
29897,LVDPLYSIK,2+,
17045,DDDIEEGDLPEHK,3+,
4961,SINNAEK,2+,
24570,SWVQCGISMK,2+,Carbamidomethyl C:4
11719,GIAPGDER,2+,
12105,GGAESHTF,2+,
18077,LHTNFHIPK,3+,
21266,MGLVMDR,2+,
15474,RQEENDKLR,2+,
17746,VELVTGEEDEK,2+,
38237,IADSIGCSTNNILFLTDVTR,2+,Carbamidomethyl C:6
23622,SFPPLADR,2+,
25947,NLAVPLYK,2+,
13659,VTDLDAR,2+,
12592,EAVEAAVK,2+,
8561,TSEMNTDK,2+,
12712,SDSFAPK,2+,
18111,DLGVPDTK,2+,
13805,NLGSIAK,2+,
10668,KLNVTEQEK,3+,
9711,VISSANR,2+,
21548,ACNCLLLK,2+,Carbamidomethyl C:1;Carbamidomethyl C:3
28278,VWQLGSSSPNFTLEGHEK,3+,
18360,FLGMHPCER,3+,Carbamidomethyl C:6
12863,LESGMQNMSIHTK,3+,Oxidation M:7
32607,SDATADDLIDVVEGNR,2+,
11227,MTAMDNASK,2+,
14679,TVQDTLK,2+,
27230,ESAITCEYLDEAYPGK,3+,Carbamidomethyl C:5
39178,HFIQDTCLYECSPNLGPWIQQVDQSWR,3+,Carbamidomethyl C:6;Carbamidomethyl C:10
5886,VEDTNRK,2+,
20690,MLESPESLR,2+,
17937,LVTDLTK,2+,
15123,DAVAITK,2+,
8087,HQDQAVTSSAHHR,3+,
23686,ISGLIYEETR,2+,
3589,HPLQNR,2+,
19334,MLDPSIK,2+,
3894,ETNGNEDEEGRQK,3+,
12466,YQEALAK,2+,
14733,GLSFHPK,2+,
12455,EGIPPQQQR,2+,
12106,NQVTQLK,2+,
16439,DESGPSIVHR,2+,
20017,VIVESASNIPK,2+,
485,KAGATAGK,2+,
31222,VPIILVGNK,2+,
14511,ACVMMQGR,2+,Carbamidomethyl C:1
19955,PLIQQAMAK,2+,
9167,NTDTLSK,2+,
12809,QSGQTDPLQK,2+,
30152,SSTPTTIFPIR,2+,
32826,AFIHWVSQPLMCEVR,3+,Carbamidomethyl C:11
20315,WDEAFR,2+,
4688,AGGTGPGEEK,2+,
26846,LWDWDK,2+,
22667,EVLPALENNK,2+,
19935,QELSFAAR,2+,
24717,SVAGGFVYTYK,2+,
24429,TPYGASIFQSK,2+,
27404,PAIMTMLADHAAR,3+,
12679,FDEHDGPVR,2+,
11051,VAQDLCK,2+,Carbamidomethyl C:5
9003,RVEHHDHAVVSGR,3+,
16104,DYQGPLK,2+,
18104,NYYGYQGYR,2+,
14388,DGVVRPLK,2+,
14182,LMPGQDPEK,2+,
9299,MVCANK,2+,Carbamidomethyl C:2
20633,ENTLQSFR,2+,
16650,EEIEQSLTK,2+,
8829,SGMNVAR,2+,Oxidation M:2
14297,PYYYNSQTK,2+,
520,HAVDGAVK,2+,
14392,INDEIER,2+,
27981,YLLQTNPTYLAK,2+,
17138,SEITELR,2+,
4687,SGMNVAR,2+,Oxidation M:2
26343,TLGLGEEWR,2+,
4781,DHNIEGK,2+,
8830,VMQEQGTHPK,3+,Oxidation M:1
11472,AVAVDRAKK,2+,
8044,ITQNNAMK,2+,Oxidation M:6
12084,PVHDVTDASK,2+,
9436,GNYAER,2+,
9040,EETDKEEPASK,2+,
4632,WTHSGR,2+,
8110,MTAMDNASK,2+,Oxidation M:0;Oxidation M:3
15325,EDIDTAMK,2+,
2147,VGDQAQR,2+,
9507,SNVTAVHK,2+,
12097,LSDVYNR,2+,
21211,GTMVTIEGPR,2+,
14266,LFNELDR,2+,
16675,ELAEQELEK,2+,
6596,AEEDPAK,2+,
6575,LAGTSGSDK,2+,
30872,VNIIPVIAK,2+,
22570,LLVATSVAAR,2+,
29905,NIWIPMK,2+,
16960,IVDNLQSR,2+,
39317,ANVEAIMLAVMK,2+,
16047,QYLPHVAR,2+,
12943,LLSAGATK,2+,
12330,VLANQYK,2+,
24799,RSGYITIGYR,2+,
13694,IADGYEQAAR,2+,
4901,HATEQEK,2+,
658,MREESGAR,2+,
8181,EEVASLR,2+,
29725,MALPELVR,2+,
15933,YVGAIEK,2+,
9995,AEVSQPR,2+,
14496,AEGLGDGYR,2+,
17145,IAHIMGPPDR,3+,
28238,ALAYFEQLK,2+,
15984,ISSIYAR,2+,
20288,ASEVFLQR,2+,
7998,QYMHGIVR,2+,
6473,TFTGHR,2+,
19970,EVFAEAVR,2+,
4011,THQEVTSSR,2+,
1523,SPAEGSER,2+,
13519,YLGEGPR,2+,
319,QSATDPR,2+,
19091,DLAACIK,2+,Carbamidomethyl C:4
31114,VVIEDEQLVLGASQEPVGR,3+,
16641,VLYQYK,2+,
8935,NSEGLHSAR,2+,
12218,ISDSTLK,2+,
14798,LVDPGVK,2+,
25328,TPIQLQLR,2+,
2134,TLSEAGK,2+,
3634,KGNYAER,2+,
34424,GGGTLCAQLPALWK,2+,Carbamidomethyl C:5
24356,IFANTESYLK,2+,
7507,KAASGEAK,2+,
20997,TVLFTNAR,2+,
15753,GGLGLSGAK,2+,
26266,ATQMLESMIK,2+,
8750,GQDMETEAHQNK,3+,Oxidation M:3
17236,MISEIDK,2+,
13775,TCDLVGEK,2+,Carbamidomethyl C:1
15292,REELAPYPK,2+,
18665,TDACFIR,2+,Carbamidomethyl C:3
879,EREEQETTSSK,2+,
28786,IVAFENAFER,2+,
6465,HMVAQK,3+,
5211,HAVSEGTK,2+,
11603,FEETTADGR,2+,
19695,DPIDVNYEK,2+,
18606,IVLANDPDADR,2+,
32209,VGSHITGGDIYGIVSENSLIK,3+,
10198,LRDLGPGK,2+,
25303,HLTPVTLELGGK,2+,
24803,IIQHLVPASFR,3+,
7888,YVDQGGNK,2+,
14453,VREEEIEVDSR,3+,
4522,ECYQSHR,2+,Carbamidomethyl C:1
11486,AEVAESK,2+,
26301,WLGANAFR,2+,
17757,IMSVDEQK,2+,
10048,HMIDGR,2+,
4758,RGGQALR,2+,
10405,KEEAEVKPEVK,3+,
13801,LSVTATR,2+,
9146,YGRPPDSHHSR,2+,
13447,YFDGSGGNNHAVEHYR,4+,
11622,ENDEFCK,2+,Carbamidomethyl C:5
36242,VLDLDLFR,2+,
8823,PGPAAGSR,2+,
7019,AKPLNTSSK,2+,
33587,IEESDQGPYAIILAPTR,2+,
8986,KVEEDEAGGR,2+,
32544,IGDFGLVTSLK,2+,
2316,EPSHDASK,2+,
15544,AEPLNSVAH,2+,
13166,DKLEETK,2+,
5702,QAQEEAER,2+,
13531,ESLDVSR,2+,
12432,VEAKPEVQSQPPR,3+,
29103,ILQEYVEHQVDDAMMANAAQK,2+,
30345,FAVFGLGNK,2+,
19421,AVIDLNNR,2+,
27746,MIMATNRPDTLDPALLRPGR,3+,
16327,VGFAEAAR,2+,
16286,INHLEYEDQYK,3+,
4414,RGGQALR,2+,
5906,KVEDMMK,2+,Oxidation M:4;Oxidation M:5
10807,ALGDAFK,3+,
13479,LLQHGINADDK,3+,
18566,DLHIQSHISENRDEVEAVK,4+,
13889,TGFYCK,2+,Carbamidomethyl C:4
12098,PALSEEER,2+,
7786,VGGAEGTK,2+,
37093,MFVLDEADEMLSR,2+,
21797,AVDALLTH,3+,
6016,SLETEHK,2+,
23295,LNYVPLEK,2+,
4339,RAQQQAEAER,3+,
11359,AVECPPPR,2+,Carbamidomethyl C:3
32827,FAATTVEEILAK,2+,
17886,LASTPFK,2+,
1048,HTGGCHCGAVR,2+,Carbamidomethyl C:4;Carbamidomethyl C:6
2339,LTGTANK,2+,
15214,LEVGEVR,2+,
25070,LPNASALGK,2+,
18467,EYIQQLR,2+,
17123,TDAVDSVVR,2+,
12233,YHSDEYIK,2+,
27123,LSTDDLNSLIAHAHR,3+,
2606,ETNCESDRER,3+,Carbamidomethyl C:3
20957,FIGELGK,2+,
14713,NGPEFEAR,2+,
18666,KTSTGAPAAIK,2+,
13207,RIYLSSAR,2+,
17332,LKQMWK,2+,
18749,VTVLEEK,2+,
3844,IHHTVEEK,2+,
4216,AVVDSDKK,2+,
16933,YMLDCR,2+,Carbamidomethyl C:4
21003,YGQHPNIITLK,3+,
32387,LTQILSYLR,2+,
13412,LAAQDVAQR,2+,
15962,YVTFNSK,2+,
20688,IMIMTDQDQDGSHIK,3+,
15447,GPEVDIRDPK,2+,
15219,VTWDGHSGSMAR,3+,
17596,IIGDPYK,2+,
13227,GVTQFGNK,2+,
22987,HIITLGQVIHK,3+,
9795,MNTNPSR,2+,
35147,TQSTWVDSFFR,2+,
15452,YMAQLK,2+,
36882,VTGDEWGDNYFLVGPYTEQGVR,2+,
494,TDQDEEHCR,3+,Carbamidomethyl C:7
13835,LVEDMENK,2+,
29796,ILQAGFK,2+,
13278,DASNWSTDK,2+,
2246,EAAEMGK,2+,Oxidation M:4
19540,HNMDIGTWDNK,2+,
17079,NISHDTFGTTYGR,3+,
5709,SGMNVAR,2+,Oxidation M:2
10550,TPEPAPR,2+,
25329,GEPGRPALYFCGSIR,3+,Carbamidomethyl C:10
12737,QDEGVLK,2+,
20776,TVAAEVR,2+,
11599,KQDPPVTHDLR,3+,
6827,SYNEQR,2+,
16248,RDLPNALDEK,2+,
31929,LWTPPEDYRL,2+,
36157,IMVVGSTINDVLAVNTPK,2+,
20976,TQNNYIQVR,2+,
31317,GEGTLDLAWLK,2+,
17466,ESGGGLIQPGGSLR,2+,
11011,VAHSDKPGSTSTASFR,2+,
7205,VGHVTER,2+,
20095,ELMEEKKEEI,2+,
21190,LALGNGLR,2+,
23715,LPLVTPH,2+,
8057,HAVSEGTK,2+,
12241,VTPQNLK,2+,
21876,VALLSGGGSGHEPAHAGFIGK,3+,
14283,TDRPLPENPYHSR,4+,
14000,ISMEDLNK,2+,
5631,SSVATTSGK,2+,
15687,DTPGHGSGWAETPR,3+,
10950,YIDENQDR,2+,
23556,GIAQMLEK,2+,
6441,SQSTFDIHK,2+,
310,VVTANHR,2+,
9962,ASASSTNLK,2+,
13089,IEESIDR,2+,
7594,TSVAGTVR,2+,
23884,FFGYCNDVDR,2+,Carbamidomethyl C:4
38235,SFFGPLELVEK,2+,
3435,EKPDQDAEGK,3+,
13988,RFVEVGR,2+,
4611,SINNAEK,2+,
2798,SDSDVNNDR,2+,
5386,SGGYGGDR,2+,
26710,FLTEVEK,2+,
22248,SQGMALSLGDK,2+,
23412,SVPLATAPMAEQR,2+,
15172,ANITLSGK,2+,
5056,RGNVAGDSK,2+,
6604,YVAVMK,2+,
11334,GGLHFSGPK,2+,
12065,DSYGGPPR,2+,
27779,GEMMDLQHGSLFLR,3+,Oxidation M:2
8415,RGGQALR,2+,
10181,WTGRPTCR,3+,Carbamidomethyl C:6
4934,SLDSNGAGEK,2+,
26638,VKEEPPINHPVGCK,3+,Carbamidomethyl C:12
10165,RPDQQLQGEGK,3+,
4830,ECYQSHR,2+,Carbamidomethyl C:1
29820,KTSASDVTNIYPGDAGK,3+,
2927,VDEEQMK,2+,Oxidation M:5
20862,IIAEALTR,2+,
2197,DPDELDR,2+,
4587,MNTLANR,2+,Oxidation M:0
116,SHKDEVVK,2+,
9761,RPMEEDGEEK,2+,
20682,FTTYEIR,2+,
25542,NFMIDTYR,2+,
21874,TILNLENSNK,2+,
19913,FNAVCLSR,2+,Carbamidomethyl C:4
591,TTNTVSK,2+,
29500,WYVGEGMEEGEFSEAR,2+,
38396,VVDMFGCCLPVCAVNFK,2+,Carbamidomethyl C:6;Carbamidomethyl C:7;Carbamidomethyl C:11
15086,ALAMAESTEK,2+,
8147,HLEQQAEK,2+,
13970,VSGSELVQK,2+,
28698,NVVLQTLEGHLR,3+,
20645,PVLMMNK,2+,Oxidation M:4
12733,DALEPGQR,2+,
26267,VWCVASLR,2+,Carbamidomethyl C:2
7338,HHEEEIVHHKK,4+,
15583,YSPGYNTEVGDK,2+,
19870,VIAAMTVGK,2+,
9356,SPPGKPQ,2+,
21503,IEEFLEEK,2+,
7579,HADNMPK,2+,
12470,SHEGETAYIR,3+,
12879,FDEMAK,2+,
21086,YVDTPFGK,2+,
14461,DGNPDNETYLHR,2+,
266,MVNDAEK,2+,Oxidation M:0
14504,IDVPANR,2+,
15969,MQEMIAR,2+,
22821,LDQQTLPLGGR,2+,
31464,VEAMALKPDLVNVIK,3+,
28521,GEMMDLQHGSLFLQTPK,3+,Oxidation M:2
13321,ILEGFQPSGR,2+,
13609,AVVAQAVR,2+,
7617,HFVDSHHQK,3+,
14289,HVALSVGGR,2+,
10862,TAMSTPH,2+,
6414,SAQEPAR,2+,
24625,MLIYDPAK,2+,
13809,VNIKPQVDR,2+,
13417,EILMHTK,2+,
7325,MSGSASSENR,2+,
7164,EEQTPQNK,2+,
10799,SAHAGTYEVR,2+,
19882,FVDGVSTVAR,2+,
12128,EAAEVLQNNRR,2+,
13301,LLSPSNEK,2+,
25001,GEEDWLYER,2+,
13133,AFVNTR,2+,
24578,YLLAMER,2+,
20062,MIVQENK,2+,
17987,ADFAQACQDAGVR,2+,Carbamidomethyl C:6
25872,HFLPEMLSK,2+,
10402,LSEHATAPTR,3+,
28223,IQGLTVEQAEAVVR,2+,
1139,EAAEMGK,2+,Oxidation M:4
6136,GAPHSSPAR,2+,
23359,LFQGVNK,2+,
22055,DIPSFER,2+,
30894,AILGVSLAVCK,2+,Carbamidomethyl C:9
20128,DEVFGTVK,2+,
16876,TVISQSLSK,2+,
11899,HNLSLNR,2+,
28664,SEYTQPTPIQCQGVPVALSGR,3+,Carbamidomethyl C:10
17540,LSLDYGK,2+,
10644,NRPWWR,2+,
16943,EQVYDAMGEK,2+,
28210,QTRVNAAKNKTGAAPIIDVVR,2+,
34861,TLGVQRPK,2+,
32225,KLEEELEGMRR,3+,
4933,DYKEYK,2+,
35291,IFTPIVEHLGLQIR,3+,
11610,DECPEVR,2+,Carbamidomethyl C:2
23991,SLGNILQAK,2+,
16049,SEISNIAR,2+,
21483,VYPYLCR,2+,Carbamidomethyl C:5
14456,NITVREEEK,2+,
19776,SSLPNFK,2+,
12439,TTPGTLAR,2+,
21529,TSASIILR,2+,
7513,DGDSYR,2+,
19294,RSVYIDAR,2+,
1162,ISGGDPTGR,2+,
34521,SNMDNMFESYINNLRR,3+,
12759,GITGVEDK,2+,
12748,TLSEDTIR,2+,
15373,ENADIIR,2+,
8587,LSSANGHEER,3+,
38033,FLLEYIAPMTEK,2+,
15731,IRVDVADQAQDK,3+,
10030,SAAQAAAQTNSNAAGK,2+,
4090,TLDDSANR,2+,
6460,IMEHAGK,2+,
18277,HGGVIHIYVDK,3+,
27798,VHIGQVIMSIR,2+,
24101,IDESIHLQLR,3+,
11452,FSCPETDSHR,3+,Carbamidomethyl C:2
25612,DINAVAASLR,2+,
8353,PEESSPR,2+,
6595,CCNVSSR,2+,Carbamidomethyl C:0;Carbamidomethyl C:1
16950,EYQELMSVK,2+,Oxidation M:5
11871,VTNEDFK,2+,
23998,LPMGSIK,2+,
9831,RQEELER,2+,
2099,HSADVNAR,2+,
17184,LNQTTFTATR,2+,
3898,YTDATSK,2+,
16590,TVTISQVSDNK,2+,
7004,VMTDESGK,2+,Oxidation M:1
9472,ASPAAAESGAK,2+,
22811,AASDIAMTELPPTHPIR,3+,Oxidation M:6
5434,ESNGPVK,2+,
7542,VVGQQGR,2+,
14002,HEQISDLER,2+,
12655,HVFGQAVK,2+,
15337,EEPEPGFK,2+,
36765,IETFLNHYPVESSWIAPELR,3+,
27715,SSLFELAK,2+,
10415,PHWDEK,2+,
18009,CITQNSETIMK,2+,Carbamidomethyl C:0
15975,HQVQLLGR,2+,
19487,KIENCNYAVELGK,3+,Carbamidomethyl C:4
10025,TTTESEVMK,2+,Oxidation M:7
1649,CAGAPQK,2+,Carbamidomethyl C:0
19430,GLLDQLTR,2+,
31572,EEEHDCFLEEIMTK,3+,Carbamidomethyl C:5
26572,DLVAQGPR,4+,
39115,YESVIATLCENLDSLDEPEAR,2+,Carbamidomethyl C:8
2091,KGNYAER,2+,
16018,LAFTQSR,2+,
33913,FEVGDIMLIR,2+,Oxidation M:6
6924,TDALTSSPGR,2+,
8989,RVEHHDHAVVSGR,4+,
5839,CHTAVDR,2+,Carbamidomethyl C:0
36354,DVVENGETADQTLSLMEQLR,3+,
21225,LPVPAVK,2+,
2635,FREDHNCK,3+,Carbamidomethyl C:6
6676,HADDDRPPRR,3+,
25721,SVFEAFGK,2+,
19295,HGEVPVSLAR,2+,
22151,TFSQNSVLK,3+,
23948,YFNSYTLTGR,2+,
10177,SEEGHPFK,2+,
9718,LTSESTNQR,2+,
9342,RVEELVAK,2+,
25393,LLVEQAK,2+,
14574,MSAAQALK,2+,
15402,TSTSQAVFR,2+,
8865,QSATDPR,2+,
7564,EHPYGR,2+,
6550,VKDEPQR,2+,
11825,SLQTVSGR,2+,
26489,LVTDLLQR,2+,
28645,ASFNDTFVHVTDLSGK,3+,
5378,TVDGPSGK,2+,
13524,DKPHVNVGTIGHVDHGK,5+,
11656,QVEQLEK,2+,
16767,VITYLDHSTQK,3+,
16813,ELDLVSHHVR,2+,
7363,SSPEEATK,2+,
36185,AQPLSLEELLAK,2+,
26106,LQSQLLSLEK,2+,
11577,NKYEDEINK,3+,
33234,IFAENDVVIPLK,2+,
25394,LDSDGADLLTK,2+,
16766,GMVSAYPR,2+,
6999,EMNGETR,2+,
38922,VWGNVVTVEWADPVEEPDPEVMAK,3+,
1564,STHDHWK,2+,
14293,TDRPLPENPYHSR,3+,
19806,RAEFSGECSNLADR,2+,Carbamidomethyl C:7
18488,FVLSQAK,2+,
9300,TASDQATTAR,2+,
21070,VQTPLLR,2+,
7935,SDESSTEETDK,2+,
32049,AINVLLEGNPDTHSWEMVGK,3+,
26892,NCGVELFK,2+,Carbamidomethyl C:1
14710,GPQVALK,2+,
11762,ERLEQIK,2+,
6411,RLGPGTR,2+,
2584,GSQQYR,2+,
6314,ATEEVSK,2+,
23004,SVIQEMEGLK,2+,
12608,MIDGKPEYK,3+,
19062,IIGAAVGR,2+,
24662,RENFCNIHVSLVPQPSSTGEQK,4+,Carbamidomethyl C:4
18800,GEVDVDVPK,2+,
30137,FNQILTALSR,2+,
17152,ALAMGYK,2+,
2921,SHHANSPTAGAAK,3+,
11182,DPYHGRPLTK,2+,
14796,DISTLNSGK,2+,
7610,FDHADR,2+,
4231,KGNYAER,2+,
28284,VLVEGPLNNLR,2+,
39006,GVIINTASVAAFEGQVGQAAYSASK,3+,
8927,HPNMCR,2+,Carbamidomethyl C:4
13843,LQGEMMK,2+,
13222,IVSGNLR,2+,
17858,TTVVAQLK,2+,
15480,IVQTYHVN,2+,
7857,EGGDGAAGDPK,2+,
27397,ALYPVIPR,2+,
2096,HEDFDK,4+,
22776,ALMDEVTK,2+,
9657,AISEQTGK,2+,
28387,LFQVLAPR,2+,
22585,IADLGNACWVHK,3+,Carbamidomethyl C:7
7122,KINPENSK,2+,
35981,ITIAAYLPLK,2+,
6839,AVDEMNGK,2+,Oxidation M:4
18964,PEYLENMVIK,3+,
11616,TRLAADVGK,2+,
13460,QMQPTHPIR,2+,
21544,GDLDASVPSMK,2+,
6885,DGDSYR,2+,
20281,ESVDHLTIPSR,2+,
6357,MVNDAEK,2+,Oxidation M:0
32087,RQQEGFK,2+,
16259,TFEGHDASVLK,2+,
7514,RSTITSR,2+,
946,AGAGDASGTR,2+,
3765,KGESQLR,2+,
13987,MAALEAK,2+,
38249,DNCPLVANLVTASLR,2+,Carbamidomethyl C:2
16687,EQILGDEAR,2+,
9626,IPCNDSK,2+,Carbamidomethyl C:2
37769,DMGEDLECLCQIMR,2+,Carbamidomethyl C:7;Carbamidomethyl C:9
6192,AHESVVK,2+,
24905,LLLDPSSPPTK,2+,
25896,GSNSLPLLR,2+,
22250,NVIHPFLSR,3+,
34135,FLGLTDTASK,2+,
6267,DAASVDK,2+,
16866,LIAAHGNSLR,2+,
3737,SSETLRK,2+,
6169,SASQDSR,2+,Acetyl S:0
18211,EVVAEVVK,2+,
17934,LLDYTEK,2+,
4829,GVSSESSGDREK,3+,
11705,ILTGGADK,2+,
22183,GYDQIIPK,2+,
13566,RSEGFSMDR,2+,
13922,AMSIGAR,2+,
1134,YHPDEVGK,2+,
4998,GNYSER,2+,
35543,VYLEDGFAYVPLK,2+,
5012,DHLGDNR,2+,
11476,DETVSDCSPH,2+,Carbamidomethyl C:6
27624,QDFVQHFSQIVR,3+,
11693,PSSEVIK,2+,
13117,YGAFEK,2+,
5904,GNYSER,2+,
14236,VPVPDER,2+,
6612,AHTEEPQAK,2+,
14835,VYNDIGK,2+,
15729,KLDYGQHVVAGTPGR,3+,
23467,LVNQWIK,2+,
38596,FLDEISSTETK,2+,
6474,KGNYAER,2+,
22782,GYAFVQYSNER,2+,
5999,KDFSGPK,2+,
13062,YGTDLSR,2+,
3298,KVEDMMK,2+,Oxidation M:4;Oxidation M:5
12333,LGSISCK,2+,Carbamidomethyl C:5
9114,GPVNSCQGK,2+,Carbamidomethyl C:5
15036,SEVCFGK,2+,Carbamidomethyl C:3
21573,YDDFLK,2+,
15011,ADAVWNK,2+,
8719,AVDEMNGK,2+,Oxidation M:4
18758,AFELMHSGK,2+,
11369,SQLAAAAR,2+,
10966,KGPEFTR,2+,
17081,ALELNPK,2+,
13170,HMQNSEIIR,2+,
9596,LQEEERER,3+,
16569,LACVAYER,2+,Carbamidomethyl C:2
27456,AMAVLESLR,2+,
35382,IGYPITLYLEK,2+,
19058,AFMGTPVQK,2+,
24361,SKLPLQTIMR,2+,
38276,AMGIMNSFVNDIFER,2+,Oxidation M:4
12007,EMAEMR,2+,
13776,LEEVLTNKK,3+,
18433,IVDPNGLAR,2+,
2461,HEDFDK,4+,
28448,LCSLYENDCIFDK,2+,Carbamidomethyl C:1;Carbamidomethyl C:8
11626,YEMINK,2+,Oxidation M:2
8033,HGTITAR,2+,
6356,SGMNVAR,2+,Oxidation M:2
21290,YDESDNAFIR,2+,
16940,RLCAICGDR,2+,Carbamidomethyl C:2;Carbamidomethyl C:5
22557,LMELYER,2+,
30206,DGLAFNALIHR,3+,
23116,YALTTTLSAR,2+,
18328,IWDYQNK,2+,
8490,ASHSSERPPPR,3+,
12043,GYHLNEEGTR,2+,
15887,LSGLSFK,2+,
24605,VLIANNGIAAVK,2+,
39119,SCTVLNVEGDALGAGLLQNYVDR,3+,Carbamidomethyl C:1
13621,LLSAGATR,2+,
10519,APTTVEDR,2+,
140,HSEAATAQR,2+,
17183,VPEVDVR,2+,
12940,VNSLGETAER,2+,
10766,HSVDELQK,2+,
12481,VKVNKDDIQK,2+,
23902,DGWPAMCIHGDK,2+,Carbamidomethyl C:6
13341,GTGMQIR,2+,
10700,KYDEAIK,2+,
14622,GSAYLEAGGTK,2+,
10488,ATVVESSEK,2+,
19971,ALSNVIHK,2+,
560,QMADTGK,2+,Oxidation M:1
13735,LMTTGNNTVR,2+,
15314,VEHSDLSFSK,2+,
14862,NDQCYDDIR,2+,Carbamidomethyl C:3
12417,GDYGPPGR,2+,
10825,AAVDYQK,2+,
12379,AADALEEQQR,2+,
16437,TMAITPR,2+,
17464,IVEIDAH,2+,
28136,DTDIQGFLK,2+,
21801,LDSIVIQQGR,2+,
9450,SQFGPIER,3+,
36876,NEHTYVHSSATIPLDDPTLLFANAGMNQFK,3+,
10723,TAVAHRPGAFK,3+,
18555,HAASTVQILGAEK,2+,
6362,AVDEMNGK,2+,Oxidation M:4
9967,YNADEAR,2+,
25973,KPMSLASGLVPAAPPK,3+,
11230,IAGSQLSSR,2+,
30996,DCGATWVVLGH,2+,Carbamidomethyl C:1
27558,LFLFGEEPSK,2+,
19102,GVSPEPIHLK,3+,
20644,RVPSPVLIK,2+,
6695,DSDNYR,2+,
13347,YIHSANVLHR,3+,
6836,SGIYETR,2+,
19736,DSIVHQAGMLK,3+,
1044,RVPGSSGR,2+,
28947,YDTALNLLK,2+,
11261,HLYDPK,2+,
28211,VAAAVPVIISR,2+,
23822,DAQEMADSLGVR,2+,
27361,LSTLCPSAVLQR,2+,Carbamidomethyl C:4
18402,ATDILPK,2+,
15992,TELTQIK,2+,
17856,TGQYSGIYDCAK,2+,Carbamidomethyl C:9
6880,VQENSPGHR,2+,
20158,ISHGEVLEWQK,3+,
39181,YFDTVPVAAAMCVLK,3+,Carbamidomethyl C:11
18647,IMWSQR,2+,
10113,AQYEEMAK,2+,Oxidation M:5
21954,TILGPTENIK,2+,
7218,AAPGAAGSR,2+,
19477,RRPEPIIPVTQPR,3+,
10288,KAEGAQNQAK,2+,
3384,KELASALK,2+,
22186,EGAIIVDPAR,2+,
26473,SISGPSVGVMEMR,2+,
29996,NRPLSDEELDAMFPEGYK,3+,
12564,VASLEESEGNK,2+,
38928,EVWFFGLQYQDTK,2+,
16367,SAYLGSEQYK,2+,
9735,DSAATTDEER,2+,
40815,VFLENVIR,2+,
14498,DLLHNEDR,2+,
17330,GELQSSDLFHHSK,3+,
12676,DQVLHEHIQR,3+,
21662,AELRDDPIISTHLAK,3+,
12894,RLSYPFSR,2+,
23691,ITFCTGIR,2+,Carbamidomethyl C:3
10377,HFEQMK,2+,
11052,PKPINVR,2+,
22853,CDSWWAK,2+,Carbamidomethyl C:0
22520,AQTEWNTGTWR,2+,
34474,FQILDFTSPK,2+,
10545,VIDATGK,3+,
7806,LGHASDR,2+,
11691,ETITESAGR,2+,
8689,EKEEEEEEKPK,2+,
1567,RGMDDDR,2+,
15759,GFGDVGEAK,2+,
14606,EGYYYR,2+,
21237,EPLPATLR,2+,
18603,VVFRDPYR,2+,
25773,IDVAFVDR,2+,
32712,LETSEFFELTSEEK,2+,
26805,ALDYNEYFR,2+,
10167,TLQQNAESR,2+,
20367,LSHANSAVVLSAVK,3+,
14359,VYVVEGSK,2+,
29111,LFYVPQRPY,2+,
34307,GTTGTQASFLQLFEGDDHK,3+,
11154,QAGLVSK,2+,
20190,AISAANLHLR,3+,
24121,MPSFGVSAPGK,3+,
18520,PGYGHAVLR,2+,
13920,QDLAYER,2+,
11859,AQCEDDLAEK,2+,Carbamidomethyl C:2
1775,LTYTMR,2+,
12130,GYHQYAYDGK,2+,
98,AHGNSGMVR,2+,Oxidation M:6
12042,IVLHPDTEHSK,3+,
5980,LSNVGGTK,2+,
16012,QLDFNSSK,2+,
10194,VGPDTER,2+,
34186,GIADVPEWFK,2+,
15425,LWCTYHEK,2+,Carbamidomethyl C:2
7910,AAYGGGGR,2+,
20356,DNFTFK,2+,
30415,AFAHITGGGLLENIPR,3+,
13410,KTFTTGMAAVK,2+,
1410,KSTDHPK,2+,
16090,SDWEVK,2+,
15113,VAIGPCR,2+,Carbamidomethyl C:5
20380,SCLLHQFTEK,3+,Carbamidomethyl C:1
19703,FHINQPALK,2+,
15576,SVISDEKK,2+,
16924,TLLSTDHAFPYIK,3+,
19404,SLEDVVR,2+,
21698,FENSIESLR,2+,
15696,GYLPSHYER,3+,
11722,HGVESTLER,2+,
13534,FKTDFLSK,2+,
13885,TDSDIISK,2+,
16911,IGAAFTR,3+,
29000,LLAEMSSFCGDMEK,2+,Carbamidomethyl C:8
23596,LGVHPLSCHGW,3+,Carbamidomethyl C:7
9758,VHGSLAR,2+,
5806,RLGPGTR,2+,
12816,NSIVDPK,2+,
16260,PVAGSELPR,2+,
9576,YHQIGSGK,2+,
16402,EDEVEEWQHR,2+,
24975,GNFLEIK,2+,
10836,EFSSEAR,2+,
31890,SPLLQLPHIEEDNLR,3+,
16256,STTLDAGNIK,2+,
14348,SAAVSRPGR,2+,
15840,SQDQFSDMR,2+,
14899,ALSQGVESVK,2+,
14167,SCVGVFQHGK,2+,Carbamidomethyl C:1
12279,PGAPLRPK,2+,
24916,ETPPPLVPPAAR,2+,
10442,VNIGQGSHPQK,2+,
28282,LEEMFPDEVDTPR,2+,
16255,SGQQIVGPPR,2+,
10870,DTDFEHR,2+,
337,KMGYYK,2+,
13027,NEGQDATMYCK,2+,Carbamidomethyl C:9
2547,RPPDEQR,2+,
11364,KYIPGTK,2+,
8423,HGDFQR,2+,
5097,AGGTGPGEEK,2+,
18830,NFGEDMDDERLK,3+,
11241,NINGITQHK,2+,
11924,WCNEHLK,2+,Carbamidomethyl C:1
32824,RVDIIPGFEFDR,3+,
8327,EMDTAR,2+,
26367,SNPEIQDFMR,2+,
4987,EVQDEEK,2+,
11071,KVPEPDNKK,2+,
11159,QVDGDNSHVEMK,2+,
9201,HSLATQNQR,2+,
1023,HQMLHHQR,3+,
6349,LGESFEK,2+,
16685,EVIEYAR,2+,
23555,AIIVDGHSVEELCK,3+,Carbamidomethyl C:12
12746,ELGTVMR,2+,Oxidation M:5
16518,DPQFQK,2+,
12447,LSDTVDK,2+,
11540,GGSGSHNWGTVK,3+,
27131,LCSAHGVLVPGGFGVR,3+,Carbamidomethyl C:1
38308,SLPQEWLWCETWCDDASK,2+,Carbamidomethyl C:8;Carbamidomethyl C:12
31341,YQLEIPENFTTR,2+,
14956,YGNANAWR,3+,
22951,DAHNALLDIQSSGR,3+,
23284,LIHQSDIIDR,3+,
23221,EMDRETLIDVAR,2+,
34313,NFPDLDRIVYVNEKEGGPNNHLLK,3+,
6209,LAEEHSS,2+,
6954,TTPASGER,2+,
9941,PYSSGGPR,2+,
22783,LILQNHILK,2+,
7069,HAVSEGTK,2+,
7716,HAVSEGTK,2+,
957,HGADAVR,2+,
16480,DDYGPESR,2+,
12554,YVLHCQGTEEEK,3+,Carbamidomethyl C:4
4505,FTQSSQK,2+,
10676,LFCSEHRPK,2+,Carbamidomethyl C:2
36758,FVELTMPYSVIR,2+,
14475,TTYGGAAAAVR,2+,
32846,IPLENLQIIR,2+,
15088,IYHPNIDEK,3+,
1270,EQVHQTTR,2+,
34817,LLAESVTEVEIFGK,2+,
4417,SDEMNVK,2+,Oxidation M:3
34035,GDIAECSPAVCMDPGLSNCTIHIVTVTINGDDAENARPK,4+,Carbamidomethyl C:5;Carbamidomethyl C:10;Carbamidomethyl C:18
17040,ASGSGDSVTRR,2+,Acetyl A:0
6591,EDPDGEHAR,2+,
12991,KVETFSGVYK,2+,
6855,QVGSGGDGER,2+,
16727,ILAHNNFVGR,2+,
2542,RSTITSR,2+,
34287,PLVLPSPLVTPGSNSQER,2+,
24096,GSELQNYFTK,2+,
13057,SGYLSSER,2+,
23640,NSAFESLYQDK,2+,
25433,ENWGPWSAGGSR,2+,
9023,QEANTEPR,2+,
10953,QQAPPVR,2+,
15573,ASAPSPNAQVACDHCLK,3+,Carbamidomethyl C:11;Carbamidomethyl C:14
29658,TEDYLWLK,2+,
37863,GWTGQESLSDSDPEMWELLQR,3+,
30406,SFNCTPIEGMLSHQLK,2+,Carbamidomethyl C:3
20882,SWVIDQK,2+,
6969,HFVDSHHQK,3+,
7011,TTNTVSK,2+,
27063,GRDWNVDLIPK,3+,
17301,SEHLSVRPQTALEENETQK,3+,
11475,GVQGLNHGMDK,3+,
17683,LRAEDTAVYYCAR,3+,Carbamidomethyl C:10
16872,HALLEADVAAHQDR,3+,
15196,QGYGEGFR,2+,
30791,MELEAMSR,2+,Acetyl M:0
35738,MALLATVLGR,2+,
6511,DALHSEK,2+,
12964,HTIIPAK,2+,
2636,EDTGETHGDTR,3+,
10413,YYGGGSEGGR,2+,
18002,ENLTELSGGQR,2+,
22530,HYEELQAR,3+,
12821,RPNKPAELIAK,3+,
20493,TRPVVAAGAVGLAQR,3+,
6678,RSEDQEEGGRPK,3+,
13381,NMGYVQQR,2+,
6030,TLSEAGK,2+,
22063,SMGGHGALICALK,3+,Carbamidomethyl C:9
12817,ATYDGNHDTFR,2+,
15158,PGAPPQPAVSAR,2+,
9748,HIAEEADR,2+,
19187,TLGAIVR,2+,
2145,KFGQGSR,2+,
11709,PVLQQGR,2+,
15121,SALDQYR,2+,
20762,FYMEDYLTVK,2+,
11723,ESLSEEEAQK,2+,
21063,VDALLSAQPK,2+,
14946,TVVYNK,2+,
21968,HFSGLEEAVYR,3+,
10652,EHMQPTHPIR,3+,
11362,TQTLRPGVK,2+,
33422,RHLAPDYR,2+,
5642,KAELEENQR,2+,
26311,DLMVGDEASELR,2+,
38904,SFVTSFSGSEVPPDPMLAPAAGEGPGVDLAAK,2+,
20116,EAPEPGMEVVK,2+,
9760,HTGAVLK,2+,
2537,KFGQGSR,2+,
14616,TVSTLHHVLQR,3+,
19545,MVMETIEK,2+,
10534,EEYEGPNK,2+,
3543,KGNYSER,2+,
16331,YELGRPAAN,2+,
17815,VALVGPNGAGK,2+,
14580,KQDEWIK,2+,
13451,SPPHLIK,2+,
36392,FFGSLPDSWASGHSVPVVTVVR,3+,
26365,FEVAQVESLR,2+,
14064,PVINSTPGR,2+,
26491,DNFWMTR,2+,
24657,FLSAGVK,2+,
35247,ELQLPSMSMLTSK,2+,
27957,WIDFDNDYK,2+,
37773,FLLLQGLVEK,2+,
38505,WPFWLSPR,2+,
22318,GKEDEGEEAASPMLQIQR,2+,
17488,MVAASIK,2+,
26237,EWEMQFK,2+,
12566,VLEDSDLKK,2+,
9063,ESQQQHGLR,3+,
9885,DTIEEHR,2+,
15265,NIEELQQQNQR,2+,
11565,SDASPSSIR,2+,
11262,SYGVENR,2+,
30870,SDVCTPGGTTIYGLHALEQGGLR,3+,Carbamidomethyl C:3
16899,PYGIVEK,2+,
33339,AIEDYINEFSVR,2+,
15734,SLETCMYDHK,2+,Carbamidomethyl C:4
38639,DVGSLDFEDLPLYK,2+,
33586,YILATLLK,2+,
22223,VAVTPPGLAR,2+,
23581,PGSETIIPDPAGK,2+,
17140,DKWDELK,2+,
11366,ASTALSNEQQAR,2+,
1063,ALHCCR,2+,Carbamidomethyl C:3;Carbamidomethyl C:4
26475,ILHGLGFTPAMQR,3+,
11827,DYSGYQR,2+,
15049,TGYGGGFNER,2+,
3882,HVYTGGK,2+,
4977,SGMNVAR,2+,Oxidation M:2
11048,SMEEDPQTSR,2+,
8624,RSTITSR,2+,
35404,QIQTEAAQLLTSFSEK,3+,
10530,VLVEFSHK,2+,
8906,FAQQHQAR,2+,
32787,EEGVLTLWR,2+,
15440,DGLEMEK,2+,
36115,ISQMPVILTPLHFDR,3+,
25697,RTCEEHQLCVVAVLPH,3+,Carbamidomethyl C:2;Carbamidomethyl C:8
16715,RYSPPIQR,2+,
17954,QHALCVGVMK,3+,Carbamidomethyl C:4
12518,GHLENNPALEK,3+,
28168,SLRPAPPPISGGGYR,2+,
7198,DGDSYR,2+,
4626,EYHPDK,2+,
11026,NVESYTK,2+,
6707,HGEAQVK,2+,
33943,SYSQSILLDLTDNR,2+,
19282,YQYGGLNSGRPVTPPR,3+,
26911,YNNPAMLHNIDQEMLK,3+,
26734,IPGAEGLR,2+,
21470,LVSTLISK,2+,
11239,GHPEFSTNR,2+,
14745,PSDAASEAARPATSTLNR,3+,
27657,TNLSAVVAAQSNWEK,2+,
25996,AIVWGMQTR,2+,
16006,LMSDNGVR,3+,Oxidation M:1
17921,EAAYHPEVAPDVR,3+,
17086,EVDNFVDK,2+,
28131,VSPCLPVLSR,2+,Carbamidomethyl C:3
12038,DETLETEK,2+,
30905,VLSGISFEVPAGK,2+,
13145,TLYDESCSK,2+,Carbamidomethyl C:6
13418,MSLTGAR,3+,Oxidation M:0
13327,ALHHGIDLEK,3+,
2460,SGGGGYSSR,2+,
10349,VTSALSR,2+,
5154,RESPSEER,2+,
22925,MVNHFIAEFK,3+,Oxidation M:0
12274,AAAGGGGGGAAAAGR,2+,Acetyl A:0
10963,YDTADR,2+,
14778,GSNYWR,2+,
1427,RVPGSSGR,2+,
17993,YDCVISSPR,2+,Carbamidomethyl C:2
36709,VLEFHFEPNEYFTNEVLTK,3+,
36227,TGESILSLLR,2+,
22522,VLVSLSAGGR,2+,
1219,RGMDDDR,2+,
1590,TKEDLDSR,2+,
11349,RGEVVTIR,2+,
7474,HAFSGGR,2+,
7964,DTEKENGPSAR,2+,
1234,EEEEAEDK,2+,
13516,FKTDFLSK,2+,
18251,LEEYITTSK,2+,
20658,EFVICDK,2+,Carbamidomethyl C:4
12298,HGKPTDSTPATWK,3+,
16336,SPPADAIPK,2+,
12292,ILPKPTR,2+,
14861,VKPEEMMDERPK,3+,
8018,HIAEDSDR,2+,
10740,TAVAHRPGAFK,2+,
24327,ILMEFNK,2+,
36796,QISSFMSEISDEFK,2+,
7706,RGGQALR,2+,
25358,YGYTHLSAGELLR,3+,
22970,QQLQQVPGLLHR,3+,
13384,GYDDRDYYSR,3+,
26303,RPACTLKPECVQQLLVCSQEAK,4+,Carbamidomethyl C:3;Carbamidomethyl C:9;Carbamidomethyl C:16
15475,HYGGLTGLNK,3+,
27617,EEIIPVAAEYDK,2+,
28690,MDIDAPDVDVHGPDWHLK,4+,
13997,LDKYLIANATNPESK,3+,
17419,DLCNTHLMR,3+,Carbamidomethyl C:2
37029,EELIPQLR,2+,
6593,RSTITSR,2+,
6835,ISSEAHR,2+,
12696,YVVGCR,2+,Carbamidomethyl C:4
15650,GPEVDVSGPK,2+,
13158,AESEVANLR,2+,
13559,DIDEDFK,2+,
15175,AELLDNEK,2+,
21832,KVPWFDQQNGR,3+,
17629,AIDSSNLK,2+,
25501,NQLTSLPSAICK,3+,Carbamidomethyl C:10
15534,EVPEMEK,2+,
24478,ASEAGEVPFNHEILR,3+,
17185,WQDAQATLQK,2+,
30630,NLDFGIDMDSR,2+,
5228,VGSAAQTR,2+,
11046,APPCEYK,2+,Carbamidomethyl C:3
24503,ELLPNGLR,2+,
19225,FLAAVAH,2+,
19229,EVPAVPETLKK,3+,
2677,YDTDGSK,2+,
13684,VSVSQTSK,2+,
17281,LVQTAELTK,2+,
33521,LYDVVAVFPK,2+,
18687,HVLSVLSK,2+,
14181,VVVVDCK,2+,Carbamidomethyl C:5
15052,HELQVEMK,2+,
14531,NLDFGWK,2+,
40074,AKLAEQAER,2+,
38824,MNYMPGTASLIEDIDKK,2+,Acetyl M:0
33723,QSLGELIGTLNAAK,3+,
17196,LKPLPGETMEK,3+,
14831,VLEENQEHYHIVQK,3+,
27528,VLFTCFK,2+,Carbamidomethyl C:4
3766,RYDSNSGGER,2+,
14566,KIPAVGGK,2+,
17055,LGDPAEYAH,2+,
14110,HDDYFQER,2+,
468,KGNYSER,2+,
27029,EDFEWVYTDQPHADR,3+,
16323,VYFAEK,2+,
5438,KNTFFK,2+,
9836,VPASAAGR,2+,
12385,IYHPNVDK,2+,
23252,ISNTISER,4+,
7586,VGVPFPK,2+,
13652,YYEELLK,2+,
980,VHDSQKPQDQDK,3+,
7759,KAEEEAEAKPK,3+,
19156,IVGWYHTGPK,3+,
177,QMADTGK,2+,Oxidation M:1
18667,MVVMHPMPR,3+,
4380,EKPDQDAEGK,2+,
37380,IGYPITLFVEK,2+,
21271,DVLIPGK,2+,
8819,AAEAEPR,2+,
28419,NCWQNYLDFHR,2+,Carbamidomethyl C:1
35678,YMPDLTPQYVDDMDGLYTK,2+,
22313,FILSCADDK,2+,Carbamidomethyl C:4
16574,TMMEDFRK,2+,
13865,PVSIATNR,2+,
6802,EEEEEKEEEK,3+,
20048,SLQEEHVAVAQLR,3+,
8775,SVSHGSNHTQKPDEQR,3+,
13354,LESGMQNMSIHTK,3+,Oxidation M:4
18560,TVETVHPVR,2+,
1971,LTGTANK,2+,
32589,YASPEMCFVFSDR,2+,Carbamidomethyl C:6
22170,DTYLSHFNPR,3+,
25563,CAVEFNFGQK,2+,Carbamidomethyl C:0
7385,SGATAGAAGGR,2+,
20771,FLIVAHDDGR,3+,
16262,FSPTMGR,2+,
14457,VFSVNGAR,2+,
21380,GLGVEIAK,2+,
21337,VFNETPINPR,2+,
39594,QLDEKEALVSQLSR,3+,
39886,TQFLPPNLLALFAPR,2+,Acetyl T:0
28384,EHGPENIVMAIAGNK,3+,
12039,GYHLNEEGTR,3+,
26504,NNLPSNDSSK,3+,
22086,TLINELVK,2+,
27098,SHFPVGAALLTQEGR,3+,
33134,DRLPLAVVGSNTIIEVNGK,3+,
27598,LTPLLSVR,2+,
22952,ALWEDEGVR,2+,
29375,ILPQDVILK,2+,
14561,YGADALR,2+,
20151,LHIVQVVCK,3+,Carbamidomethyl C:7
5138,HCGALR,2+,Carbamidomethyl C:1
35979,LEGWLSLPVR,2+,
22288,SHTFPELAYR,3+,
25319,IGAFGYMECSAK,2+,Carbamidomethyl C:8
20484,GFDEYMK,2+,
14117,VAERPQHMLMR,3+,
31614,SLSNVIAHEISHSWTGNLVTNK,4+,
3309,EAAEMGK,2+,Oxidation M:4
10588,TVTEYK,2+,
33041,YVLGMQELFR,2+,
19651,FYFHDGVR,2+,
16598,LELCDER,2+,Carbamidomethyl C:3
24966,NFNETFLK,2+,
14183,SMQNHAAVFR,3+,
40091,TISTASMVEK,2+,
32313,MWFQWSEQR,2+,
12115,TASVLSK,2+,
23168,SVVSPSSFENVK,2+,
16543,LGSDPQKK,2+,
12521,GVSSLFK,2+,
24125,FAETMNQK,2+,
25368,LVVTGLK,2+,
20464,GHNTLPSPWR,2+,
19127,DDFNSGFR,2+,
5439,HCGALR,2+,Carbamidomethyl C:1
12790,ESSFVEK,2+,
12600,NPVSQCMR,2+,Carbamidomethyl C:5
20413,DIDAATEAK,2+,
27722,KLLGPLGMK,2+,
4168,HPLQNR,2+,
10826,YSVQTADHR,3+,
16656,AYGENIGYSEK,2+,
32728,TGYAFVDCPDESWALK,2+,Carbamidomethyl C:7
28941,DMSGTMGFNEFK,2+,
12390,CDVTDNQSEVADK,2+,Carbamidomethyl C:0
24902,QAIGIALETR,2+,
6952,AIVTEPK,2+,
12777,IIHEDGYSEDECK,3+,Carbamidomethyl C:11
17116,HCNMVLENVK,3+,Carbamidomethyl C:1
18992,FGVQMDR,2+,
15849,LKPVELR,2+,
12849,NVMVEPHR,2+,
13272,HVFGQPVK,2+,
36618,ATLQAALCLENFSSQVVER,3+,Carbamidomethyl C:7
34585,IYVDDGLISLQVK,2+,
3664,EAAEMGK,2+,Oxidation M:4
411,LENDGSR,2+,
8195,KINPENSK,2+,
8079,MATEQGR,2+,
39325,GGRLPCPELCPDAVFR,3+,Carbamidomethyl C:5;Carbamidomethyl C:9
34385,GMSAEYSFPIWK,2+,
1077,LHSHDVR,2+,
10620,YGGGGYGR,2+,
2250,ETNCESDRER,3+,Carbamidomethyl C:3
39398,NLSTEIRENLSELRQENSK,3+,
6644,DSYSSSR,2+,
33227,DMTLPPETNVILTK,2+,
16532,FAECLEK,2+,Carbamidomethyl C:3
8698,SGGGYGGDR,2+,
18615,MIVMASH,2+,
10481,SQVISNAK,2+,
86,GEEAAGGDR,2+,
26125,MGIVGPEFK,2+,
28806,GVHCVMSLGVPGPATLAK,3+,Carbamidomethyl C:3
19262,LDAELVK,2+,
8836,TSYTCK,2+,Carbamidomethyl C:4
20908,LYDVPANSMR,2+,
10508,SLEDPQTHSNR,3+,
18291,NHQLYCNDCYLR,3+,Carbamidomethyl C:5;Carbamidomethyl C:8
32104,ALSAIADLLTNEHER,3+,
5721,GGGYGGDR,2+,
15317,VEHSDLSFSK,3+,
6055,DSYSSSR,2+,
31295,EVFLFNDLLVVTK,2+,
3697,GQEEAGAGGR,2+,
14998,HNIICLQNDHK,3+,Carbamidomethyl C:4
8794,FADGGQK,2+,
37721,MEGLDDGPDFLSEEDR,2+,Acetyl M:0
32139,ALVSHNGSLINVGSLLQR,3+,
36117,WNFDDLLEK,2+,
12261,ELTDEEAER,2+,
13640,SFTTTIHK,2+,
30713,VLVLYDEIK,2+,
28025,WDDPYYDIAR,2+,
12329,PGGGPGLSTPGGHPKPPHR,5+,
39275,FSLDTVINPDDRVFEQGGAR,3+,
36833,EQGFLSFWR,2+,
11731,TYSVPAHQER,3+,
14617,NVESGEEELASK,2+,
15344,MSIMDR,2+,
9302,SYSEHDDER,3+,
22808,GLMGMCVNER,2+,Carbamidomethyl C:5
20914,KEPAVLELEGK,3+,
27296,SSFDEMLPGTHFQR,3+,
14210,HFRPELEER,3+,
33613,TLMNTIMQLR,2+,
30315,YIAPTVLTDVDPK,2+,
18586,MPECYIR,2+,Carbamidomethyl C:3
17814,NHDEESLECLCR,3+,Carbamidomethyl C:8;Carbamidomethyl C:10
32710,ETEELMAWMR,2+,
10777,HLQTGENHTSVDPR,3+,
11164,TFSEILDR,2+,
22244,FEFTPGR,2+,
11760,VGQGYPHDPPK,3+,
11218,HPAENGK,2+,
22327,DPNCVGTVLASRPHTLDGR,3+,Carbamidomethyl C:3
29313,VGQALELPLR,2+,
22114,VPEVPTAPATDAAPK,2+,
39803,SVFQTQLPSLGAGLLQSR,2+,
18888,TLHPAVHAGILAR,3+,
5774,DSFLSHHPEKPK,2+,
14544,QRNGVMPSHFSR,2+,
7686,HGEYQDDYPR,2+,
12041,FENYGDK,2+,
28753,GLIENPALLR,2+,
30501,GIVVTAYSPLGSPDRPWAK,3+,
23481,ALEMCPSCFQK,2+,Carbamidomethyl C:4;Carbamidomethyl C:7
33450,MNQVEDEVFEEFCR,2+,Carbamidomethyl C:12
34517,VQIPIMLVGNK,2+,
12409,YMPQNPH,2+,
39754,AGVLLSEILHLLCK,2+,Carbamidomethyl C:12
13200,AHLAELQR,2+,
18903,GEMMDLQH,2+,
36746,LFSLPAQPLWNNR,2+,
532,EREEQETTSSK,3+,
31248,LTQAEISEQPTMATVVPQVPTSPK,2+,
28107,CDYMDEVTYGELEK,2+,Carbamidomethyl C:0
39299,NAFANDTIPSESYISAVQAAHLGTLCSQSLPLAASLK,3+,Carbamidomethyl C:25
38025,VFPPGPLICSLESGR,2+,Carbamidomethyl C:8
24440,ADFDTYDDR,2+,Acetyl A:0
20165,MVVNEGSDGGQSVYHVHLH,3+,
35793,IQIEAIPLALQGR,2+,
27760,IVTLAPELGR,2+,
35487,LQRELEDATETADAMNREVSSLK,2+,
34812,EIIDLVLDR,3+,
14836,VIQALAMKGDVENIEVVQK,5+,Oxidation M:6
10690,YDDYSSSR,2+,
32001,AAYSNFWCGMTSQGYYK,2+,Carbamidomethyl C:7
